  GUI.cpp
C:\Users\Humbe\OneDrive\Desktop\folder\libs\sdk\Include\dxgitype.h(12,9): warning C4005: 'DXGI_STATUS_OCCLUDED': macro redefinition
  (compiling source file 'GUI.cpp')
      C:\Program Files (x86)\Windows Kits\10\Include\10.0.26100.0\shared\winerror.h(59255,9):
      see previous definition of 'DXGI_STATUS_OCCLUDED'
  
C:\Users\Humbe\OneDrive\Desktop\folder\libs\sdk\Include\dxgitype.h(13,9): warning C4005: 'DXGI_STATUS_CLIPPED': macro redefinition
  (compiling source file 'GUI.cpp')
      C:\Program Files (x86)\Windows Kits\10\Include\10.0.26100.0\shared\winerror.h(59264,9):
      see previous definition of 'DXGI_STATUS_CLIPPED'
  
C:\Users\Humbe\OneDrive\Desktop\folder\libs\sdk\Include\dxgitype.h(14,9): warning C4005: 'DXGI_STATUS_NO_REDIRECTION': macro redefinition
  (compiling source file 'GUI.cpp')
      C:\Program Files (x86)\Windows Kits\10\Include\10.0.26100.0\shared\winerror.h(59273,9):
      see previous definition of 'DXGI_STATUS_NO_REDIRECTION'
  
C:\Users\Humbe\OneDrive\Desktop\folder\libs\sdk\Include\dxgitype.h(15,9): warning C4005: 'DXGI_STATUS_NO_DESKTOP_ACCESS': macro redefinition
  (compiling source file 'GUI.cpp')
      C:\Program Files (x86)\Windows Kits\10\Include\10.0.26100.0\shared\winerror.h(59282,9):
      see previous definition of 'DXGI_STATUS_NO_DESKTOP_ACCESS'
  
C:\Users\Humbe\OneDrive\Desktop\folder\libs\sdk\Include\dxgitype.h(16,9): warning C4005: 'DXGI_STATUS_GRAPHICS_VIDPN_SOURCE_IN_USE': macro redefinition
  (compiling source file 'GUI.cpp')
      C:\Program Files (x86)\Windows Kits\10\Include\10.0.26100.0\shared\winerror.h(59291,9):
      see previous definition of 'DXGI_STATUS_GRAPHICS_VIDPN_SOURCE_IN_USE'
  
C:\Users\Humbe\OneDrive\Desktop\folder\libs\sdk\Include\dxgitype.h(17,9): warning C4005: 'DXGI_STATUS_MODE_CHANGED': macro redefinition
  (compiling source file 'GUI.cpp')
      C:\Program Files (x86)\Windows Kits\10\Include\10.0.26100.0\shared\winerror.h(59300,9):
      see previous definition of 'DXGI_STATUS_MODE_CHANGED'
  
C:\Users\Humbe\OneDrive\Desktop\folder\libs\sdk\Include\dxgitype.h(18,9): warning C4005: 'DXGI_STATUS_MODE_CHANGE_IN_PROGRESS': macro redefinition
  (compiling source file 'GUI.cpp')
      C:\Program Files (x86)\Windows Kits\10\Include\10.0.26100.0\shared\winerror.h(59309,9):
      see previous definition of 'DXGI_STATUS_MODE_CHANGE_IN_PROGRESS'
  
C:\Users\Humbe\OneDrive\Desktop\folder\libs\sdk\Include\dxgitype.h(21,9): warning C4005: 'DXGI_ERROR_INVALID_CALL': macro redefinition
  (compiling source file 'GUI.cpp')
      C:\Program Files (x86)\Windows Kits\10\Include\10.0.26100.0\shared\winerror.h(59324,9):
      see previous definition of 'DXGI_ERROR_INVALID_CALL'
  
C:\Users\Humbe\OneDrive\Desktop\folder\libs\sdk\Include\dxgitype.h(22,9): warning C4005: 'DXGI_ERROR_NOT_FOUND': macro redefinition
  (compiling source file 'GUI.cpp')
      C:\Program Files (x86)\Windows Kits\10\Include\10.0.26100.0\shared\winerror.h(59333,9):
      see previous definition of 'DXGI_ERROR_NOT_FOUND'
  
C:\Users\Humbe\OneDrive\Desktop\folder\libs\sdk\Include\dxgitype.h(23,9): warning C4005: 'DXGI_ERROR_MORE_DATA': macro redefinition
  (compiling source file 'GUI.cpp')
      C:\Program Files (x86)\Windows Kits\10\Include\10.0.26100.0\shared\winerror.h(59342,9):
      see previous definition of 'DXGI_ERROR_MORE_DATA'
  
C:\Users\Humbe\OneDrive\Desktop\folder\libs\sdk\Include\dxgitype.h(24,9): warning C4005: 'DXGI_ERROR_UNSUPPORTED': macro redefinition
  (compiling source file 'GUI.cpp')
      C:\Program Files (x86)\Windows Kits\10\Include\10.0.26100.0\shared\winerror.h(59351,9):
      see previous definition of 'DXGI_ERROR_UNSUPPORTED'
  
C:\Users\Humbe\OneDrive\Desktop\folder\libs\sdk\Include\dxgitype.h(25,9): warning C4005: 'DXGI_ERROR_DEVICE_REMOVED': macro redefinition
  (compiling source file 'GUI.cpp')
      C:\Program Files (x86)\Windows Kits\10\Include\10.0.26100.0\shared\winerror.h(59360,9):
      see previous definition of 'DXGI_ERROR_DEVICE_REMOVED'
  
C:\Users\Humbe\OneDrive\Desktop\folder\libs\sdk\Include\dxgitype.h(26,9): warning C4005: 'DXGI_ERROR_DEVICE_HUNG': macro redefinition
  (compiling source file 'GUI.cpp')
      C:\Program Files (x86)\Windows Kits\10\Include\10.0.26100.0\shared\winerror.h(59369,9):
      see previous definition of 'DXGI_ERROR_DEVICE_HUNG'
  
C:\Users\Humbe\OneDrive\Desktop\folder\libs\sdk\Include\dxgitype.h(27,9): warning C4005: 'DXGI_ERROR_DEVICE_RESET': macro redefinition
  (compiling source file 'GUI.cpp')
      C:\Program Files (x86)\Windows Kits\10\Include\10.0.26100.0\shared\winerror.h(59379,9):
      see previous definition of 'DXGI_ERROR_DEVICE_RESET'
  
C:\Users\Humbe\OneDrive\Desktop\folder\libs\sdk\Include\dxgitype.h(28,9): warning C4005: 'DXGI_ERROR_WAS_STILL_DRAWING': macro redefinition
  (compiling source file 'GUI.cpp')
      C:\Program Files (x86)\Windows Kits\10\Include\10.0.26100.0\shared\winerror.h(59388,9):
      see previous definition of 'DXGI_ERROR_WAS_STILL_DRAWING'
  
C:\Users\Humbe\OneDrive\Desktop\folder\libs\sdk\Include\dxgitype.h(29,9): warning C4005: 'DXGI_ERROR_FRAME_STATISTICS_DISJOINT': macro redefinition
  (compiling source file 'GUI.cpp')
      C:\Program Files (x86)\Windows Kits\10\Include\10.0.26100.0\shared\winerror.h(59398,9):
      see previous definition of 'DXGI_ERROR_FRAME_STATISTICS_DISJOINT'
  
C:\Users\Humbe\OneDrive\Desktop\folder\libs\sdk\Include\dxgitype.h(30,9): warning C4005: 'DXGI_ERROR_GRAPHICS_VIDPN_SOURCE_IN_USE': macro redefinition
  (compiling source file 'GUI.cpp')
      C:\Program Files (x86)\Windows Kits\10\Include\10.0.26100.0\shared\winerror.h(59407,9):
      see previous definition of 'DXGI_ERROR_GRAPHICS_VIDPN_SOURCE_IN_USE'
  
C:\Users\Humbe\OneDrive\Desktop\folder\libs\sdk\Include\dxgitype.h(31,9): warning C4005: 'DXGI_ERROR_DRIVER_INTERNAL_ERROR': macro redefinition
  (compiling source file 'GUI.cpp')
      C:\Program Files (x86)\Windows Kits\10\Include\10.0.26100.0\shared\winerror.h(59417,9):
      see previous definition of 'DXGI_ERROR_DRIVER_INTERNAL_ERROR'
  
C:\Users\Humbe\OneDrive\Desktop\folder\libs\sdk\Include\dxgitype.h(32,9): warning C4005: 'DXGI_ERROR_NONEXCLUSIVE': macro redefinition
  (compiling source file 'GUI.cpp')
      C:\Program Files (x86)\Windows Kits\10\Include\10.0.26100.0\shared\winerror.h(59426,9):
      see previous definition of 'DXGI_ERROR_NONEXCLUSIVE'
  
C:\Users\Humbe\OneDrive\Desktop\folder\libs\sdk\Include\dxgitype.h(33,9): warning C4005: 'DXGI_ERROR_NOT_CURRENTLY_AVAILABLE': macro redefinition
  (compiling source file 'GUI.cpp')
      C:\Program Files (x86)\Windows Kits\10\Include\10.0.26100.0\shared\winerror.h(59435,9):
      see previous definition of 'DXGI_ERROR_NOT_CURRENTLY_AVAILABLE'
  
C:\Users\Humbe\OneDrive\Desktop\folder\libs\sdk\Include\dxgitype.h(34,9): warning C4005: 'DXGI_ERROR_REMOTE_CLIENT_DISCONNECTED': macro redefinition
  (compiling source file 'GUI.cpp')
      C:\Program Files (x86)\Windows Kits\10\Include\10.0.26100.0\shared\winerror.h(59445,9):
      see previous definition of 'DXGI_ERROR_REMOTE_CLIENT_DISCONNECTED'
  
C:\Users\Humbe\OneDrive\Desktop\folder\libs\sdk\Include\dxgitype.h(35,9): warning C4005: 'DXGI_ERROR_REMOTE_OUTOFMEMORY': macro redefinition
  (compiling source file 'GUI.cpp')
      C:\Program Files (x86)\Windows Kits\10\Include\10.0.26100.0\shared\winerror.h(59454,9):
      see previous definition of 'DXGI_ERROR_REMOTE_OUTOFMEMORY'
  
C:\Users\Humbe\OneDrive\Desktop\folder\libs\sdk\Include\d3d11.h(917,9): warning C4005: 'D3D11_ERROR_TOO_MANY_UNIQUE_STATE_OBJECTS': macro redefinition
  (compiling source file 'GUI.cpp')
      C:\Program Files (x86)\Windows Kits\10\Include\10.0.26100.0\shared\winerror.h(59769,9):
      see previous definition of 'D3D11_ERROR_TOO_MANY_UNIQUE_STATE_OBJECTS'
  
C:\Users\Humbe\OneDrive\Desktop\folder\libs\sdk\Include\d3d11.h(918,9): warning C4005: 'D3D11_ERROR_FILE_NOT_FOUND': macro redefinition
  (compiling source file 'GUI.cpp')
      C:\Program Files (x86)\Windows Kits\10\Include\10.0.26100.0\shared\winerror.h(59778,9):
      see previous definition of 'D3D11_ERROR_FILE_NOT_FOUND'
  
C:\Users\Humbe\OneDrive\Desktop\folder\libs\sdk\Include\d3d11.h(919,9): warning C4005: 'D3D11_ERROR_TOO_MANY_UNIQUE_VIEW_OBJECTS': macro redefinition
  (compiling source file 'GUI.cpp')
      C:\Program Files (x86)\Windows Kits\10\Include\10.0.26100.0\shared\winerror.h(59788,9):
      see previous definition of 'D3D11_ERROR_TOO_MANY_UNIQUE_VIEW_OBJECTS'
  
C:\Users\Humbe\OneDrive\Desktop\folder\libs\sdk\Include\d3d11.h(920,9): warning C4005: 'D3D11_ERROR_DEFERRED_CONTEXT_MAP_WITHOUT_INITIAL_DISCARD': macro redefinition
  (compiling source file 'GUI.cpp')
      C:\Program Files (x86)\Windows Kits\10\Include\10.0.26100.0\shared\winerror.h(59797,9):
      see previous definition of 'D3D11_ERROR_DEFERRED_CONTEXT_MAP_WITHOUT_INITIAL_DISCARD'
  
C:\Users\Humbe\OneDrive\Desktop\folder\libs\sdk\Include\d3d10.h(608,9): warning C4005: 'D3D10_ERROR_TOO_MANY_UNIQUE_STATE_OBJECTS': macro redefinition
  (compiling source file 'GUI.cpp')
      C:\Program Files (x86)\Windows Kits\10\Include\10.0.26100.0\shared\winerror.h(59745,9):
      see previous definition of 'D3D10_ERROR_TOO_MANY_UNIQUE_STATE_OBJECTS'
  
C:\Users\Humbe\OneDrive\Desktop\folder\libs\sdk\Include\d3d10.h(609,9): warning C4005: 'D3D10_ERROR_FILE_NOT_FOUND': macro redefinition
  (compiling source file 'GUI.cpp')
      C:\Program Files (x86)\Windows Kits\10\Include\10.0.26100.0\shared\winerror.h(59754,9):
      see previous definition of 'D3D10_ERROR_FILE_NOT_FOUND'
  
  UI.cpp
C:\Users\Humbe\OneDrive\Desktop\folder\libs\sdk\Include\dxgitype.h(12,9): warning C4005: 'DXGI_STATUS_OCCLUDED': macro redefinition
  (compiling source file 'UI.cpp')
      C:\Program Files (x86)\Windows Kits\10\Include\10.0.26100.0\shared\winerror.h(59255,9):
      see previous definition of 'DXGI_STATUS_OCCLUDED'
  
C:\Users\Humbe\OneDrive\Desktop\folder\libs\sdk\Include\dxgitype.h(13,9): warning C4005: 'DXGI_STATUS_CLIPPED': macro redefinition
  (compiling source file 'UI.cpp')
      C:\Program Files (x86)\Windows Kits\10\Include\10.0.26100.0\shared\winerror.h(59264,9):
      see previous definition of 'DXGI_STATUS_CLIPPED'
  
C:\Users\Humbe\OneDrive\Desktop\folder\libs\sdk\Include\dxgitype.h(14,9): warning C4005: 'DXGI_STATUS_NO_REDIRECTION': macro redefinition
  (compiling source file 'UI.cpp')
      C:\Program Files (x86)\Windows Kits\10\Include\10.0.26100.0\shared\winerror.h(59273,9):
      see previous definition of 'DXGI_STATUS_NO_REDIRECTION'
  
C:\Users\Humbe\OneDrive\Desktop\folder\libs\sdk\Include\dxgitype.h(15,9): warning C4005: 'DXGI_STATUS_NO_DESKTOP_ACCESS': macro redefinition
  (compiling source file 'UI.cpp')
      C:\Program Files (x86)\Windows Kits\10\Include\10.0.26100.0\shared\winerror.h(59282,9):
      see previous definition of 'DXGI_STATUS_NO_DESKTOP_ACCESS'
  
C:\Users\Humbe\OneDrive\Desktop\folder\libs\sdk\Include\dxgitype.h(16,9): warning C4005: 'DXGI_STATUS_GRAPHICS_VIDPN_SOURCE_IN_USE': macro redefinition
  (compiling source file 'UI.cpp')
      C:\Program Files (x86)\Windows Kits\10\Include\10.0.26100.0\shared\winerror.h(59291,9):
      see previous definition of 'DXGI_STATUS_GRAPHICS_VIDPN_SOURCE_IN_USE'
  
C:\Users\Humbe\OneDrive\Desktop\folder\libs\sdk\Include\dxgitype.h(17,9): warning C4005: 'DXGI_STATUS_MODE_CHANGED': macro redefinition
  (compiling source file 'UI.cpp')
      C:\Program Files (x86)\Windows Kits\10\Include\10.0.26100.0\shared\winerror.h(59300,9):
      see previous definition of 'DXGI_STATUS_MODE_CHANGED'
  
C:\Users\Humbe\OneDrive\Desktop\folder\libs\sdk\Include\dxgitype.h(18,9): warning C4005: 'DXGI_STATUS_MODE_CHANGE_IN_PROGRESS': macro redefinition
  (compiling source file 'UI.cpp')
      C:\Program Files (x86)\Windows Kits\10\Include\10.0.26100.0\shared\winerror.h(59309,9):
      see previous definition of 'DXGI_STATUS_MODE_CHANGE_IN_PROGRESS'
  
C:\Users\Humbe\OneDrive\Desktop\folder\libs\sdk\Include\dxgitype.h(21,9): warning C4005: 'DXGI_ERROR_INVALID_CALL': macro redefinition
  (compiling source file 'UI.cpp')
      C:\Program Files (x86)\Windows Kits\10\Include\10.0.26100.0\shared\winerror.h(59324,9):
      see previous definition of 'DXGI_ERROR_INVALID_CALL'
  
C:\Users\Humbe\OneDrive\Desktop\folder\libs\sdk\Include\dxgitype.h(22,9): warning C4005: 'DXGI_ERROR_NOT_FOUND': macro redefinition
  (compiling source file 'UI.cpp')
      C:\Program Files (x86)\Windows Kits\10\Include\10.0.26100.0\shared\winerror.h(59333,9):
      see previous definition of 'DXGI_ERROR_NOT_FOUND'
  
C:\Users\Humbe\OneDrive\Desktop\folder\libs\sdk\Include\dxgitype.h(23,9): warning C4005: 'DXGI_ERROR_MORE_DATA': macro redefinition
  (compiling source file 'UI.cpp')
      C:\Program Files (x86)\Windows Kits\10\Include\10.0.26100.0\shared\winerror.h(59342,9):
      see previous definition of 'DXGI_ERROR_MORE_DATA'
  
C:\Users\Humbe\OneDrive\Desktop\folder\libs\sdk\Include\dxgitype.h(24,9): warning C4005: 'DXGI_ERROR_UNSUPPORTED': macro redefinition
  (compiling source file 'UI.cpp')
      C:\Program Files (x86)\Windows Kits\10\Include\10.0.26100.0\shared\winerror.h(59351,9):
      see previous definition of 'DXGI_ERROR_UNSUPPORTED'
  
C:\Users\Humbe\OneDrive\Desktop\folder\libs\sdk\Include\dxgitype.h(25,9): warning C4005: 'DXGI_ERROR_DEVICE_REMOVED': macro redefinition
  (compiling source file 'UI.cpp')
      C:\Program Files (x86)\Windows Kits\10\Include\10.0.26100.0\shared\winerror.h(59360,9):
      see previous definition of 'DXGI_ERROR_DEVICE_REMOVED'
  
C:\Users\Humbe\OneDrive\Desktop\folder\libs\sdk\Include\dxgitype.h(26,9): warning C4005: 'DXGI_ERROR_DEVICE_HUNG': macro redefinition
  (compiling source file 'UI.cpp')
      C:\Program Files (x86)\Windows Kits\10\Include\10.0.26100.0\shared\winerror.h(59369,9):
      see previous definition of 'DXGI_ERROR_DEVICE_HUNG'
  
C:\Users\Humbe\OneDrive\Desktop\folder\libs\sdk\Include\dxgitype.h(27,9): warning C4005: 'DXGI_ERROR_DEVICE_RESET': macro redefinition
  (compiling source file 'UI.cpp')
      C:\Program Files (x86)\Windows Kits\10\Include\10.0.26100.0\shared\winerror.h(59379,9):
      see previous definition of 'DXGI_ERROR_DEVICE_RESET'
  
C:\Users\Humbe\OneDrive\Desktop\folder\libs\sdk\Include\dxgitype.h(28,9): warning C4005: 'DXGI_ERROR_WAS_STILL_DRAWING': macro redefinition
  (compiling source file 'UI.cpp')
      C:\Program Files (x86)\Windows Kits\10\Include\10.0.26100.0\shared\winerror.h(59388,9):
      see previous definition of 'DXGI_ERROR_WAS_STILL_DRAWING'
  
C:\Users\Humbe\OneDrive\Desktop\folder\libs\sdk\Include\dxgitype.h(29,9): warning C4005: 'DXGI_ERROR_FRAME_STATISTICS_DISJOINT': macro redefinition
  (compiling source file 'UI.cpp')
      C:\Program Files (x86)\Windows Kits\10\Include\10.0.26100.0\shared\winerror.h(59398,9):
      see previous definition of 'DXGI_ERROR_FRAME_STATISTICS_DISJOINT'
  
C:\Users\Humbe\OneDrive\Desktop\folder\libs\sdk\Include\dxgitype.h(30,9): warning C4005: 'DXGI_ERROR_GRAPHICS_VIDPN_SOURCE_IN_USE': macro redefinition
  (compiling source file 'UI.cpp')
      C:\Program Files (x86)\Windows Kits\10\Include\10.0.26100.0\shared\winerror.h(59407,9):
      see previous definition of 'DXGI_ERROR_GRAPHICS_VIDPN_SOURCE_IN_USE'
  
C:\Users\Humbe\OneDrive\Desktop\folder\libs\sdk\Include\dxgitype.h(31,9): warning C4005: 'DXGI_ERROR_DRIVER_INTERNAL_ERROR': macro redefinition
  (compiling source file 'UI.cpp')
      C:\Program Files (x86)\Windows Kits\10\Include\10.0.26100.0\shared\winerror.h(59417,9):
      see previous definition of 'DXGI_ERROR_DRIVER_INTERNAL_ERROR'
  
C:\Users\Humbe\OneDrive\Desktop\folder\libs\sdk\Include\dxgitype.h(32,9): warning C4005: 'DXGI_ERROR_NONEXCLUSIVE': macro redefinition
  (compiling source file 'UI.cpp')
      C:\Program Files (x86)\Windows Kits\10\Include\10.0.26100.0\shared\winerror.h(59426,9):
      see previous definition of 'DXGI_ERROR_NONEXCLUSIVE'
  
C:\Users\Humbe\OneDrive\Desktop\folder\libs\sdk\Include\dxgitype.h(33,9): warning C4005: 'DXGI_ERROR_NOT_CURRENTLY_AVAILABLE': macro redefinition
  (compiling source file 'UI.cpp')
      C:\Program Files (x86)\Windows Kits\10\Include\10.0.26100.0\shared\winerror.h(59435,9):
      see previous definition of 'DXGI_ERROR_NOT_CURRENTLY_AVAILABLE'
  
C:\Users\Humbe\OneDrive\Desktop\folder\libs\sdk\Include\dxgitype.h(34,9): warning C4005: 'DXGI_ERROR_REMOTE_CLIENT_DISCONNECTED': macro redefinition
  (compiling source file 'UI.cpp')
      C:\Program Files (x86)\Windows Kits\10\Include\10.0.26100.0\shared\winerror.h(59445,9):
      see previous definition of 'DXGI_ERROR_REMOTE_CLIENT_DISCONNECTED'
  
C:\Users\Humbe\OneDrive\Desktop\folder\libs\sdk\Include\dxgitype.h(35,9): warning C4005: 'DXGI_ERROR_REMOTE_OUTOFMEMORY': macro redefinition
  (compiling source file 'UI.cpp')
      C:\Program Files (x86)\Windows Kits\10\Include\10.0.26100.0\shared\winerror.h(59454,9):
      see previous definition of 'DXGI_ERROR_REMOTE_OUTOFMEMORY'
  
C:\Users\Humbe\OneDrive\Desktop\folder\libs\sdk\Include\d3d11.h(917,9): warning C4005: 'D3D11_ERROR_TOO_MANY_UNIQUE_STATE_OBJECTS': macro redefinition
  (compiling source file 'UI.cpp')
      C:\Program Files (x86)\Windows Kits\10\Include\10.0.26100.0\shared\winerror.h(59769,9):
      see previous definition of 'D3D11_ERROR_TOO_MANY_UNIQUE_STATE_OBJECTS'
  
C:\Users\Humbe\OneDrive\Desktop\folder\libs\sdk\Include\d3d11.h(918,9): warning C4005: 'D3D11_ERROR_FILE_NOT_FOUND': macro redefinition
  (compiling source file 'UI.cpp')
      C:\Program Files (x86)\Windows Kits\10\Include\10.0.26100.0\shared\winerror.h(59778,9):
      see previous definition of 'D3D11_ERROR_FILE_NOT_FOUND'
  
C:\Users\Humbe\OneDrive\Desktop\folder\libs\sdk\Include\d3d11.h(919,9): warning C4005: 'D3D11_ERROR_TOO_MANY_UNIQUE_VIEW_OBJECTS': macro redefinition
  (compiling source file 'UI.cpp')
      C:\Program Files (x86)\Windows Kits\10\Include\10.0.26100.0\shared\winerror.h(59788,9):
      see previous definition of 'D3D11_ERROR_TOO_MANY_UNIQUE_VIEW_OBJECTS'
  
C:\Users\Humbe\OneDrive\Desktop\folder\libs\sdk\Include\d3d11.h(920,9): warning C4005: 'D3D11_ERROR_DEFERRED_CONTEXT_MAP_WITHOUT_INITIAL_DISCARD': macro redefinition
  (compiling source file 'UI.cpp')
      C:\Program Files (x86)\Windows Kits\10\Include\10.0.26100.0\shared\winerror.h(59797,9):
      see previous definition of 'D3D11_ERROR_DEFERRED_CONTEXT_MAP_WITHOUT_INITIAL_DISCARD'
  
C:\Users\Humbe\OneDrive\Desktop\folder\libs\sdk\Include\d3d10.h(608,9): warning C4005: 'D3D10_ERROR_TOO_MANY_UNIQUE_STATE_OBJECTS': macro redefinition
  (compiling source file 'UI.cpp')
      C:\Program Files (x86)\Windows Kits\10\Include\10.0.26100.0\shared\winerror.h(59745,9):
      see previous definition of 'D3D10_ERROR_TOO_MANY_UNIQUE_STATE_OBJECTS'
  
C:\Users\Humbe\OneDrive\Desktop\folder\libs\sdk\Include\d3d10.h(609,9): warning C4005: 'D3D10_ERROR_FILE_NOT_FOUND': macro redefinition
  (compiling source file 'UI.cpp')
      C:\Program Files (x86)\Windows Kits\10\Include\10.0.26100.0\shared\winerror.h(59754,9):
      see previous definition of 'D3D10_ERROR_FILE_NOT_FOUND'
  
  app_display_helpers.cpp
  app_import_export.cpp
  app_sharing.cpp
  application.cpp
C:\Users\Humbe\OneDrive\Desktop\folder\libs\sdk\Include\dxgitype.h(12,9): warning C4005: 'DXGI_STATUS_OCCLUDED': macro redefinition
  (compiling source file 'application.cpp')
      C:\Program Files (x86)\Windows Kits\10\Include\10.0.26100.0\shared\winerror.h(59255,9):
      see previous definition of 'DXGI_STATUS_OCCLUDED'
  
C:\Users\Humbe\OneDrive\Desktop\folder\libs\sdk\Include\dxgitype.h(13,9): warning C4005: 'DXGI_STATUS_CLIPPED': macro redefinition
  (compiling source file 'application.cpp')
      C:\Program Files (x86)\Windows Kits\10\Include\10.0.26100.0\shared\winerror.h(59264,9):
      see previous definition of 'DXGI_STATUS_CLIPPED'
  
C:\Users\Humbe\OneDrive\Desktop\folder\libs\sdk\Include\dxgitype.h(14,9): warning C4005: 'DXGI_STATUS_NO_REDIRECTION': macro redefinition
  (compiling source file 'application.cpp')
      C:\Program Files (x86)\Windows Kits\10\Include\10.0.26100.0\shared\winerror.h(59273,9):
      see previous definition of 'DXGI_STATUS_NO_REDIRECTION'
  
C:\Users\Humbe\OneDrive\Desktop\folder\libs\sdk\Include\dxgitype.h(15,9): warning C4005: 'DXGI_STATUS_NO_DESKTOP_ACCESS': macro redefinition
  (compiling source file 'application.cpp')
      C:\Program Files (x86)\Windows Kits\10\Include\10.0.26100.0\shared\winerror.h(59282,9):
      see previous definition of 'DXGI_STATUS_NO_DESKTOP_ACCESS'
  
C:\Users\Humbe\OneDrive\Desktop\folder\libs\sdk\Include\dxgitype.h(16,9): warning C4005: 'DXGI_STATUS_GRAPHICS_VIDPN_SOURCE_IN_USE': macro redefinition
  (compiling source file 'application.cpp')
      C:\Program Files (x86)\Windows Kits\10\Include\10.0.26100.0\shared\winerror.h(59291,9):
      see previous definition of 'DXGI_STATUS_GRAPHICS_VIDPN_SOURCE_IN_USE'
  
C:\Users\Humbe\OneDrive\Desktop\folder\libs\sdk\Include\dxgitype.h(17,9): warning C4005: 'DXGI_STATUS_MODE_CHANGED': macro redefinition
  (compiling source file 'application.cpp')
      C:\Program Files (x86)\Windows Kits\10\Include\10.0.26100.0\shared\winerror.h(59300,9):
      see previous definition of 'DXGI_STATUS_MODE_CHANGED'
  
C:\Users\Humbe\OneDrive\Desktop\folder\libs\sdk\Include\dxgitype.h(18,9): warning C4005: 'DXGI_STATUS_MODE_CHANGE_IN_PROGRESS': macro redefinition
  (compiling source file 'application.cpp')
      C:\Program Files (x86)\Windows Kits\10\Include\10.0.26100.0\shared\winerror.h(59309,9):
      see previous definition of 'DXGI_STATUS_MODE_CHANGE_IN_PROGRESS'
  
C:\Users\Humbe\OneDrive\Desktop\folder\libs\sdk\Include\dxgitype.h(21,9): warning C4005: 'DXGI_ERROR_INVALID_CALL': macro redefinition
  (compiling source file 'application.cpp')
      C:\Program Files (x86)\Windows Kits\10\Include\10.0.26100.0\shared\winerror.h(59324,9):
      see previous definition of 'DXGI_ERROR_INVALID_CALL'
  
C:\Users\Humbe\OneDrive\Desktop\folder\libs\sdk\Include\dxgitype.h(22,9): warning C4005: 'DXGI_ERROR_NOT_FOUND': macro redefinition
  (compiling source file 'application.cpp')
      C:\Program Files (x86)\Windows Kits\10\Include\10.0.26100.0\shared\winerror.h(59333,9):
      see previous definition of 'DXGI_ERROR_NOT_FOUND'
  
C:\Users\Humbe\OneDrive\Desktop\folder\libs\sdk\Include\dxgitype.h(23,9): warning C4005: 'DXGI_ERROR_MORE_DATA': macro redefinition
  (compiling source file 'application.cpp')
      C:\Program Files (x86)\Windows Kits\10\Include\10.0.26100.0\shared\winerror.h(59342,9):
      see previous definition of 'DXGI_ERROR_MORE_DATA'
  
C:\Users\Humbe\OneDrive\Desktop\folder\libs\sdk\Include\dxgitype.h(24,9): warning C4005: 'DXGI_ERROR_UNSUPPORTED': macro redefinition
  (compiling source file 'application.cpp')
      C:\Program Files (x86)\Windows Kits\10\Include\10.0.26100.0\shared\winerror.h(59351,9):
      see previous definition of 'DXGI_ERROR_UNSUPPORTED'
  
C:\Users\Humbe\OneDrive\Desktop\folder\libs\sdk\Include\dxgitype.h(25,9): warning C4005: 'DXGI_ERROR_DEVICE_REMOVED': macro redefinition
  (compiling source file 'application.cpp')
      C:\Program Files (x86)\Windows Kits\10\Include\10.0.26100.0\shared\winerror.h(59360,9):
      see previous definition of 'DXGI_ERROR_DEVICE_REMOVED'
  
C:\Users\Humbe\OneDrive\Desktop\folder\libs\sdk\Include\dxgitype.h(26,9): warning C4005: 'DXGI_ERROR_DEVICE_HUNG': macro redefinition
  (compiling source file 'application.cpp')
      C:\Program Files (x86)\Windows Kits\10\Include\10.0.26100.0\shared\winerror.h(59369,9):
      see previous definition of 'DXGI_ERROR_DEVICE_HUNG'
  
C:\Users\Humbe\OneDrive\Desktop\folder\libs\sdk\Include\dxgitype.h(27,9): warning C4005: 'DXGI_ERROR_DEVICE_RESET': macro redefinition
  (compiling source file 'application.cpp')
      C:\Program Files (x86)\Windows Kits\10\Include\10.0.26100.0\shared\winerror.h(59379,9):
      see previous definition of 'DXGI_ERROR_DEVICE_RESET'
  
C:\Users\Humbe\OneDrive\Desktop\folder\libs\sdk\Include\dxgitype.h(28,9): warning C4005: 'DXGI_ERROR_WAS_STILL_DRAWING': macro redefinition
  (compiling source file 'application.cpp')
      C:\Program Files (x86)\Windows Kits\10\Include\10.0.26100.0\shared\winerror.h(59388,9):
      see previous definition of 'DXGI_ERROR_WAS_STILL_DRAWING'
  
C:\Users\Humbe\OneDrive\Desktop\folder\libs\sdk\Include\dxgitype.h(29,9): warning C4005: 'DXGI_ERROR_FRAME_STATISTICS_DISJOINT': macro redefinition
  (compiling source file 'application.cpp')
      C:\Program Files (x86)\Windows Kits\10\Include\10.0.26100.0\shared\winerror.h(59398,9):
      see previous definition of 'DXGI_ERROR_FRAME_STATISTICS_DISJOINT'
  
C:\Users\Humbe\OneDrive\Desktop\folder\libs\sdk\Include\dxgitype.h(30,9): warning C4005: 'DXGI_ERROR_GRAPHICS_VIDPN_SOURCE_IN_USE': macro redefinition
  (compiling source file 'application.cpp')
      C:\Program Files (x86)\Windows Kits\10\Include\10.0.26100.0\shared\winerror.h(59407,9):
      see previous definition of 'DXGI_ERROR_GRAPHICS_VIDPN_SOURCE_IN_USE'
  
C:\Users\Humbe\OneDrive\Desktop\folder\libs\sdk\Include\dxgitype.h(31,9): warning C4005: 'DXGI_ERROR_DRIVER_INTERNAL_ERROR': macro redefinition
  (compiling source file 'application.cpp')
      C:\Program Files (x86)\Windows Kits\10\Include\10.0.26100.0\shared\winerror.h(59417,9):
      see previous definition of 'DXGI_ERROR_DRIVER_INTERNAL_ERROR'
  
C:\Users\Humbe\OneDrive\Desktop\folder\libs\sdk\Include\dxgitype.h(32,9): warning C4005: 'DXGI_ERROR_NONEXCLUSIVE': macro redefinition
  (compiling source file 'application.cpp')
      C:\Program Files (x86)\Windows Kits\10\Include\10.0.26100.0\shared\winerror.h(59426,9):
      see previous definition of 'DXGI_ERROR_NONEXCLUSIVE'
  
C:\Users\Humbe\OneDrive\Desktop\folder\libs\sdk\Include\dxgitype.h(33,9): warning C4005: 'DXGI_ERROR_NOT_CURRENTLY_AVAILABLE': macro redefinition
  (compiling source file 'application.cpp')
      C:\Program Files (x86)\Windows Kits\10\Include\10.0.26100.0\shared\winerror.h(59435,9):
      see previous definition of 'DXGI_ERROR_NOT_CURRENTLY_AVAILABLE'
  
C:\Users\Humbe\OneDrive\Desktop\folder\libs\sdk\Include\dxgitype.h(34,9): warning C4005: 'DXGI_ERROR_REMOTE_CLIENT_DISCONNECTED': macro redefinition
  (compiling source file 'application.cpp')
      C:\Program Files (x86)\Windows Kits\10\Include\10.0.26100.0\shared\winerror.h(59445,9):
      see previous definition of 'DXGI_ERROR_REMOTE_CLIENT_DISCONNECTED'
  
C:\Users\Humbe\OneDrive\Desktop\folder\libs\sdk\Include\dxgitype.h(35,9): warning C4005: 'DXGI_ERROR_REMOTE_OUTOFMEMORY': macro redefinition
  (compiling source file 'application.cpp')
      C:\Program Files (x86)\Windows Kits\10\Include\10.0.26100.0\shared\winerror.h(59454,9):
      see previous definition of 'DXGI_ERROR_REMOTE_OUTOFMEMORY'
  
C:\Users\Humbe\OneDrive\Desktop\folder\libs\sdk\Include\d3d11.h(917,9): warning C4005: 'D3D11_ERROR_TOO_MANY_UNIQUE_STATE_OBJECTS': macro redefinition
  (compiling source file 'application.cpp')
      C:\Program Files (x86)\Windows Kits\10\Include\10.0.26100.0\shared\winerror.h(59769,9):
      see previous definition of 'D3D11_ERROR_TOO_MANY_UNIQUE_STATE_OBJECTS'
  
C:\Users\Humbe\OneDrive\Desktop\folder\libs\sdk\Include\d3d11.h(918,9): warning C4005: 'D3D11_ERROR_FILE_NOT_FOUND': macro redefinition
  (compiling source file 'application.cpp')
      C:\Program Files (x86)\Windows Kits\10\Include\10.0.26100.0\shared\winerror.h(59778,9):
      see previous definition of 'D3D11_ERROR_FILE_NOT_FOUND'
  
C:\Users\Humbe\OneDrive\Desktop\folder\libs\sdk\Include\d3d11.h(919,9): warning C4005: 'D3D11_ERROR_TOO_MANY_UNIQUE_VIEW_OBJECTS': macro redefinition
  (compiling source file 'application.cpp')
      C:\Program Files (x86)\Windows Kits\10\Include\10.0.26100.0\shared\winerror.h(59788,9):
      see previous definition of 'D3D11_ERROR_TOO_MANY_UNIQUE_VIEW_OBJECTS'
  
C:\Users\Humbe\OneDrive\Desktop\folder\libs\sdk\Include\d3d11.h(920,9): warning C4005: 'D3D11_ERROR_DEFERRED_CONTEXT_MAP_WITHOUT_INITIAL_DISCARD': macro redefinition
  (compiling source file 'application.cpp')
      C:\Program Files (x86)\Windows Kits\10\Include\10.0.26100.0\shared\winerror.h(59797,9):
      see previous definition of 'D3D11_ERROR_DEFERRED_CONTEXT_MAP_WITHOUT_INITIAL_DISCARD'
  
C:\Users\Humbe\OneDrive\Desktop\folder\libs\sdk\Include\d3d10.h(608,9): warning C4005: 'D3D10_ERROR_TOO_MANY_UNIQUE_STATE_OBJECTS': macro redefinition
  (compiling source file 'application.cpp')
      C:\Program Files (x86)\Windows Kits\10\Include\10.0.26100.0\shared\winerror.h(59745,9):
      see previous definition of 'D3D10_ERROR_TOO_MANY_UNIQUE_STATE_OBJECTS'
  
C:\Users\Humbe\OneDrive\Desktop\folder\libs\sdk\Include\d3d10.h(609,9): warning C4005: 'D3D10_ERROR_FILE_NOT_FOUND': macro redefinition
  (compiling source file 'application.cpp')
      C:\Program Files (x86)\Windows Kits\10\Include\10.0.26100.0\shared\winerror.h(59754,9):
      see previous definition of 'D3D10_ERROR_FILE_NOT_FOUND'
  
  credential_ops.cpp
  aes_cipher.cpp
A:\prjcts\pwmngr\pwmngr2.2.1\credentials\crypto\aes_cipher.cpp(390,60): warning C4267: 'argument': conversion from 'size_t' to 'unsigned int', possible loss of data
A:\prjcts\pwmngr\pwmngr2.2.1\credentials\crypto\aes_cipher.cpp(409,60): warning C4267: 'argument': conversion from 'size_t' to 'unsigned int', possible loss of data
A:\prjcts\pwmngr\pwmngr2.2.1\credentials\crypto\aes_cipher.cpp(429,60): warning C4267: 'argument': conversion from 'size_t' to 'unsigned int', possible loss of data
  vault_crypto.cpp
A:\prjcts\pwmngr\pwmngr2.2.1\credentials\crypto\vault_crypto.cpp(6,9): warning C4005: 'SODIUM_STATIC': macro redefinition
      A:\prjcts\pwmngr\pwmngr2.2.1\credentials\crypto\vault_crypto.cpp(6,9):
      'SODIUM_STATIC' previously declared on the command line
  
  kdbx_export.cpp
  pwm_file.cpp
  twofa_ops.cpp
  vault_db.cpp
  favicon.cpp
C:\Users\Humbe\OneDrive\Desktop\folder\libs\sdk\Include\dxgitype.h(12,9): warning C4005: 'DXGI_STATUS_OCCLUDED': macro redefinition
  (compiling source file 'favicon.cpp')
      C:\Program Files (x86)\Windows Kits\10\Include\10.0.26100.0\shared\winerror.h(59255,9):
      see previous definition of 'DXGI_STATUS_OCCLUDED'
  
C:\Users\Humbe\OneDrive\Desktop\folder\libs\sdk\Include\dxgitype.h(13,9): warning C4005: 'DXGI_STATUS_CLIPPED': macro redefinition
  (compiling source file 'favicon.cpp')
      C:\Program Files (x86)\Windows Kits\10\Include\10.0.26100.0\shared\winerror.h(59264,9):
      see previous definition of 'DXGI_STATUS_CLIPPED'
  
C:\Users\Humbe\OneDrive\Desktop\folder\libs\sdk\Include\dxgitype.h(14,9): warning C4005: 'DXGI_STATUS_NO_REDIRECTION': macro redefinition
  (compiling source file 'favicon.cpp')
      C:\Program Files (x86)\Windows Kits\10\Include\10.0.26100.0\shared\winerror.h(59273,9):
      see previous definition of 'DXGI_STATUS_NO_REDIRECTION'
  
C:\Users\Humbe\OneDrive\Desktop\folder\libs\sdk\Include\dxgitype.h(15,9): warning C4005: 'DXGI_STATUS_NO_DESKTOP_ACCESS': macro redefinition
  (compiling source file 'favicon.cpp')
      C:\Program Files (x86)\Windows Kits\10\Include\10.0.26100.0\shared\winerror.h(59282,9):
      see previous definition of 'DXGI_STATUS_NO_DESKTOP_ACCESS'
  
C:\Users\Humbe\OneDrive\Desktop\folder\libs\sdk\Include\dxgitype.h(16,9): warning C4005: 'DXGI_STATUS_GRAPHICS_VIDPN_SOURCE_IN_USE': macro redefinition
  (compiling source file 'favicon.cpp')
      C:\Program Files (x86)\Windows Kits\10\Include\10.0.26100.0\shared\winerror.h(59291,9):
      see previous definition of 'DXGI_STATUS_GRAPHICS_VIDPN_SOURCE_IN_USE'
  
C:\Users\Humbe\OneDrive\Desktop\folder\libs\sdk\Include\dxgitype.h(17,9): warning C4005: 'DXGI_STATUS_MODE_CHANGED': macro redefinition
  (compiling source file 'favicon.cpp')
      C:\Program Files (x86)\Windows Kits\10\Include\10.0.26100.0\shared\winerror.h(59300,9):
      see previous definition of 'DXGI_STATUS_MODE_CHANGED'
  
C:\Users\Humbe\OneDrive\Desktop\folder\libs\sdk\Include\dxgitype.h(18,9): warning C4005: 'DXGI_STATUS_MODE_CHANGE_IN_PROGRESS': macro redefinition
  (compiling source file 'favicon.cpp')
      C:\Program Files (x86)\Windows Kits\10\Include\10.0.26100.0\shared\winerror.h(59309,9):
      see previous definition of 'DXGI_STATUS_MODE_CHANGE_IN_PROGRESS'
  
C:\Users\Humbe\OneDrive\Desktop\folder\libs\sdk\Include\dxgitype.h(21,9): warning C4005: 'DXGI_ERROR_INVALID_CALL': macro redefinition
  (compiling source file 'favicon.cpp')
      C:\Program Files (x86)\Windows Kits\10\Include\10.0.26100.0\shared\winerror.h(59324,9):
      see previous definition of 'DXGI_ERROR_INVALID_CALL'
  
C:\Users\Humbe\OneDrive\Desktop\folder\libs\sdk\Include\dxgitype.h(22,9): warning C4005: 'DXGI_ERROR_NOT_FOUND': macro redefinition
  (compiling source file 'favicon.cpp')
      C:\Program Files (x86)\Windows Kits\10\Include\10.0.26100.0\shared\winerror.h(59333,9):
      see previous definition of 'DXGI_ERROR_NOT_FOUND'
  
C:\Users\Humbe\OneDrive\Desktop\folder\libs\sdk\Include\dxgitype.h(23,9): warning C4005: 'DXGI_ERROR_MORE_DATA': macro redefinition
  (compiling source file 'favicon.cpp')
      C:\Program Files (x86)\Windows Kits\10\Include\10.0.26100.0\shared\winerror.h(59342,9):
      see previous definition of 'DXGI_ERROR_MORE_DATA'
  
C:\Users\Humbe\OneDrive\Desktop\folder\libs\sdk\Include\dxgitype.h(24,9): warning C4005: 'DXGI_ERROR_UNSUPPORTED': macro redefinition
  (compiling source file 'favicon.cpp')
      C:\Program Files (x86)\Windows Kits\10\Include\10.0.26100.0\shared\winerror.h(59351,9):
      see previous definition of 'DXGI_ERROR_UNSUPPORTED'
  
C:\Users\Humbe\OneDrive\Desktop\folder\libs\sdk\Include\dxgitype.h(25,9): warning C4005: 'DXGI_ERROR_DEVICE_REMOVED': macro redefinition
  (compiling source file 'favicon.cpp')
      C:\Program Files (x86)\Windows Kits\10\Include\10.0.26100.0\shared\winerror.h(59360,9):
      see previous definition of 'DXGI_ERROR_DEVICE_REMOVED'
  
C:\Users\Humbe\OneDrive\Desktop\folder\libs\sdk\Include\dxgitype.h(26,9): warning C4005: 'DXGI_ERROR_DEVICE_HUNG': macro redefinition
  (compiling source file 'favicon.cpp')
      C:\Program Files (x86)\Windows Kits\10\Include\10.0.26100.0\shared\winerror.h(59369,9):
      see previous definition of 'DXGI_ERROR_DEVICE_HUNG'
  
C:\Users\Humbe\OneDrive\Desktop\folder\libs\sdk\Include\dxgitype.h(27,9): warning C4005: 'DXGI_ERROR_DEVICE_RESET': macro redefinition
  (compiling source file 'favicon.cpp')
      C:\Program Files (x86)\Windows Kits\10\Include\10.0.26100.0\shared\winerror.h(59379,9):
      see previous definition of 'DXGI_ERROR_DEVICE_RESET'
  
C:\Users\Humbe\OneDrive\Desktop\folder\libs\sdk\Include\dxgitype.h(28,9): warning C4005: 'DXGI_ERROR_WAS_STILL_DRAWING': macro redefinition
  (compiling source file 'favicon.cpp')
      C:\Program Files (x86)\Windows Kits\10\Include\10.0.26100.0\shared\winerror.h(59388,9):
      see previous definition of 'DXGI_ERROR_WAS_STILL_DRAWING'
  
C:\Users\Humbe\OneDrive\Desktop\folder\libs\sdk\Include\dxgitype.h(29,9): warning C4005: 'DXGI_ERROR_FRAME_STATISTICS_DISJOINT': macro redefinition
  (compiling source file 'favicon.cpp')
      C:\Program Files (x86)\Windows Kits\10\Include\10.0.26100.0\shared\winerror.h(59398,9):
      see previous definition of 'DXGI_ERROR_FRAME_STATISTICS_DISJOINT'
  
C:\Users\Humbe\OneDrive\Desktop\folder\libs\sdk\Include\dxgitype.h(30,9): warning C4005: 'DXGI_ERROR_GRAPHICS_VIDPN_SOURCE_IN_USE': macro redefinition
  (compiling source file 'favicon.cpp')
      C:\Program Files (x86)\Windows Kits\10\Include\10.0.26100.0\shared\winerror.h(59407,9):
      see previous definition of 'DXGI_ERROR_GRAPHICS_VIDPN_SOURCE_IN_USE'
  
C:\Users\Humbe\OneDrive\Desktop\folder\libs\sdk\Include\dxgitype.h(31,9): warning C4005: 'DXGI_ERROR_DRIVER_INTERNAL_ERROR': macro redefinition
  (compiling source file 'favicon.cpp')
      C:\Program Files (x86)\Windows Kits\10\Include\10.0.26100.0\shared\winerror.h(59417,9):
      see previous definition of 'DXGI_ERROR_DRIVER_INTERNAL_ERROR'
  
C:\Users\Humbe\OneDrive\Desktop\folder\libs\sdk\Include\dxgitype.h(32,9): warning C4005: 'DXGI_ERROR_NONEXCLUSIVE': macro redefinition
  (compiling source file 'favicon.cpp')
      C:\Program Files (x86)\Windows Kits\10\Include\10.0.26100.0\shared\winerror.h(59426,9):
      see previous definition of 'DXGI_ERROR_NONEXCLUSIVE'
  
C:\Users\Humbe\OneDrive\Desktop\folder\libs\sdk\Include\dxgitype.h(33,9): warning C4005: 'DXGI_ERROR_NOT_CURRENTLY_AVAILABLE': macro redefinition
  (compiling source file 'favicon.cpp')
      C:\Program Files (x86)\Windows Kits\10\Include\10.0.26100.0\shared\winerror.h(59435,9):
      see previous definition of 'DXGI_ERROR_NOT_CURRENTLY_AVAILABLE'
  
C:\Users\Humbe\OneDrive\Desktop\folder\libs\sdk\Include\dxgitype.h(34,9): warning C4005: 'DXGI_ERROR_REMOTE_CLIENT_DISCONNECTED': macro redefinition
  (compiling source file 'favicon.cpp')
      C:\Program Files (x86)\Windows Kits\10\Include\10.0.26100.0\shared\winerror.h(59445,9):
      see previous definition of 'DXGI_ERROR_REMOTE_CLIENT_DISCONNECTED'
  
C:\Users\Humbe\OneDrive\Desktop\folder\libs\sdk\Include\dxgitype.h(35,9): warning C4005: 'DXGI_ERROR_REMOTE_OUTOFMEMORY': macro redefinition
  (compiling source file 'favicon.cpp')
      C:\Program Files (x86)\Windows Kits\10\Include\10.0.26100.0\shared\winerror.h(59454,9):
      see previous definition of 'DXGI_ERROR_REMOTE_OUTOFMEMORY'
  
C:\Users\Humbe\OneDrive\Desktop\folder\libs\sdk\Include\d3d11.h(917,9): warning C4005: 'D3D11_ERROR_TOO_MANY_UNIQUE_STATE_OBJECTS': macro redefinition
  (compiling source file 'favicon.cpp')
      C:\Program Files (x86)\Windows Kits\10\Include\10.0.26100.0\shared\winerror.h(59769,9):
      see previous definition of 'D3D11_ERROR_TOO_MANY_UNIQUE_STATE_OBJECTS'
  
C:\Users\Humbe\OneDrive\Desktop\folder\libs\sdk\Include\d3d11.h(918,9): warning C4005: 'D3D11_ERROR_FILE_NOT_FOUND': macro redefinition
  (compiling source file 'favicon.cpp')
      C:\Program Files (x86)\Windows Kits\10\Include\10.0.26100.0\shared\winerror.h(59778,9):
      see previous definition of 'D3D11_ERROR_FILE_NOT_FOUND'
  
C:\Users\Humbe\OneDrive\Desktop\folder\libs\sdk\Include\d3d11.h(919,9): warning C4005: 'D3D11_ERROR_TOO_MANY_UNIQUE_VIEW_OBJECTS': macro redefinition
  (compiling source file 'favicon.cpp')
      C:\Program Files (x86)\Windows Kits\10\Include\10.0.26100.0\shared\winerror.h(59788,9):
      see previous definition of 'D3D11_ERROR_TOO_MANY_UNIQUE_VIEW_OBJECTS'
  
C:\Users\Humbe\OneDrive\Desktop\folder\libs\sdk\Include\d3d11.h(920,9): warning C4005: 'D3D11_ERROR_DEFERRED_CONTEXT_MAP_WITHOUT_INITIAL_DISCARD': macro redefinition
  (compiling source file 'favicon.cpp')
      C:\Program Files (x86)\Windows Kits\10\Include\10.0.26100.0\shared\winerror.h(59797,9):
      see previous definition of 'D3D11_ERROR_DEFERRED_CONTEXT_MAP_WITHOUT_INITIAL_DISCARD'
  
C:\Users\Humbe\OneDrive\Desktop\folder\libs\sdk\Include\d3d10.h(608,9): warning C4005: 'D3D10_ERROR_TOO_MANY_UNIQUE_STATE_OBJECTS': macro redefinition
  (compiling source file 'favicon.cpp')
      C:\Program Files (x86)\Windows Kits\10\Include\10.0.26100.0\shared\winerror.h(59745,9):
      see previous definition of 'D3D10_ERROR_TOO_MANY_UNIQUE_STATE_OBJECTS'
  
C:\Users\Humbe\OneDrive\Desktop\folder\libs\sdk\Include\d3d10.h(609,9): warning C4005: 'D3D10_ERROR_FILE_NOT_FOUND': macro redefinition
  (compiling source file 'favicon.cpp')
      C:\Program Files (x86)\Windows Kits\10\Include\10.0.26100.0\shared\winerror.h(59754,9):
      see previous definition of 'D3D10_ERROR_FILE_NOT_FOUND'
  
  main.cpp
C:\Users\Humbe\OneDrive\Desktop\folder\libs\sdk\Include\dxgitype.h(12,9): warning C4005: 'DXGI_STATUS_OCCLUDED': macro redefinition
  (compiling source file 'main.cpp')
      C:\Program Files (x86)\Windows Kits\10\Include\10.0.26100.0\shared\winerror.h(59255,9):
      see previous definition of 'DXGI_STATUS_OCCLUDED'
  
C:\Users\Humbe\OneDrive\Desktop\folder\libs\sdk\Include\dxgitype.h(13,9): warning C4005: 'DXGI_STATUS_CLIPPED': macro redefinition
  (compiling source file 'main.cpp')
      C:\Program Files (x86)\Windows Kits\10\Include\10.0.26100.0\shared\winerror.h(59264,9):
      see previous definition of 'DXGI_STATUS_CLIPPED'
  
C:\Users\Humbe\OneDrive\Desktop\folder\libs\sdk\Include\dxgitype.h(14,9): warning C4005: 'DXGI_STATUS_NO_REDIRECTION': macro redefinition
  (compiling source file 'main.cpp')
      C:\Program Files (x86)\Windows Kits\10\Include\10.0.26100.0\shared\winerror.h(59273,9):
      see previous definition of 'DXGI_STATUS_NO_REDIRECTION'
  
C:\Users\Humbe\OneDrive\Desktop\folder\libs\sdk\Include\dxgitype.h(15,9): warning C4005: 'DXGI_STATUS_NO_DESKTOP_ACCESS': macro redefinition
  (compiling source file 'main.cpp')
      C:\Program Files (x86)\Windows Kits\10\Include\10.0.26100.0\shared\winerror.h(59282,9):
      see previous definition of 'DXGI_STATUS_NO_DESKTOP_ACCESS'
  
C:\Users\Humbe\OneDrive\Desktop\folder\libs\sdk\Include\dxgitype.h(16,9): warning C4005: 'DXGI_STATUS_GRAPHICS_VIDPN_SOURCE_IN_USE': macro redefinition
  (compiling source file 'main.cpp')
      C:\Program Files (x86)\Windows Kits\10\Include\10.0.26100.0\shared\winerror.h(59291,9):
      see previous definition of 'DXGI_STATUS_GRAPHICS_VIDPN_SOURCE_IN_USE'
  
C:\Users\Humbe\OneDrive\Desktop\folder\libs\sdk\Include\dxgitype.h(17,9): warning C4005: 'DXGI_STATUS_MODE_CHANGED': macro redefinition
  (compiling source file 'main.cpp')
      C:\Program Files (x86)\Windows Kits\10\Include\10.0.26100.0\shared\winerror.h(59300,9):
      see previous definition of 'DXGI_STATUS_MODE_CHANGED'
  
C:\Users\Humbe\OneDrive\Desktop\folder\libs\sdk\Include\dxgitype.h(18,9): warning C4005: 'DXGI_STATUS_MODE_CHANGE_IN_PROGRESS': macro redefinition
  (compiling source file 'main.cpp')
      C:\Program Files (x86)\Windows Kits\10\Include\10.0.26100.0\shared\winerror.h(59309,9):
      see previous definition of 'DXGI_STATUS_MODE_CHANGE_IN_PROGRESS'
  
C:\Users\Humbe\OneDrive\Desktop\folder\libs\sdk\Include\dxgitype.h(21,9): warning C4005: 'DXGI_ERROR_INVALID_CALL': macro redefinition
  (compiling source file 'main.cpp')
      C:\Program Files (x86)\Windows Kits\10\Include\10.0.26100.0\shared\winerror.h(59324,9):
      see previous definition of 'DXGI_ERROR_INVALID_CALL'
  
C:\Users\Humbe\OneDrive\Desktop\folder\libs\sdk\Include\dxgitype.h(22,9): warning C4005: 'DXGI_ERROR_NOT_FOUND': macro redefinition
  (compiling source file 'main.cpp')
      C:\Program Files (x86)\Windows Kits\10\Include\10.0.26100.0\shared\winerror.h(59333,9):
      see previous definition of 'DXGI_ERROR_NOT_FOUND'
  
C:\Users\Humbe\OneDrive\Desktop\folder\libs\sdk\Include\dxgitype.h(23,9): warning C4005: 'DXGI_ERROR_MORE_DATA': macro redefinition
  (compiling source file 'main.cpp')
      C:\Program Files (x86)\Windows Kits\10\Include\10.0.26100.0\shared\winerror.h(59342,9):
      see previous definition of 'DXGI_ERROR_MORE_DATA'
  
C:\Users\Humbe\OneDrive\Desktop\folder\libs\sdk\Include\dxgitype.h(24,9): warning C4005: 'DXGI_ERROR_UNSUPPORTED': macro redefinition
  (compiling source file 'main.cpp')
      C:\Program Files (x86)\Windows Kits\10\Include\10.0.26100.0\shared\winerror.h(59351,9):
      see previous definition of 'DXGI_ERROR_UNSUPPORTED'
  
C:\Users\Humbe\OneDrive\Desktop\folder\libs\sdk\Include\dxgitype.h(25,9): warning C4005: 'DXGI_ERROR_DEVICE_REMOVED': macro redefinition
  (compiling source file 'main.cpp')
      C:\Program Files (x86)\Windows Kits\10\Include\10.0.26100.0\shared\winerror.h(59360,9):
      see previous definition of 'DXGI_ERROR_DEVICE_REMOVED'
  
C:\Users\Humbe\OneDrive\Desktop\folder\libs\sdk\Include\dxgitype.h(26,9): warning C4005: 'DXGI_ERROR_DEVICE_HUNG': macro redefinition
  (compiling source file 'main.cpp')
      C:\Program Files (x86)\Windows Kits\10\Include\10.0.26100.0\shared\winerror.h(59369,9):
      see previous definition of 'DXGI_ERROR_DEVICE_HUNG'
  
C:\Users\Humbe\OneDrive\Desktop\folder\libs\sdk\Include\dxgitype.h(27,9): warning C4005: 'DXGI_ERROR_DEVICE_RESET': macro redefinition
  (compiling source file 'main.cpp')
      C:\Program Files (x86)\Windows Kits\10\Include\10.0.26100.0\shared\winerror.h(59379,9):
      see previous definition of 'DXGI_ERROR_DEVICE_RESET'
  
C:\Users\Humbe\OneDrive\Desktop\folder\libs\sdk\Include\dxgitype.h(28,9): warning C4005: 'DXGI_ERROR_WAS_STILL_DRAWING': macro redefinition
  (compiling source file 'main.cpp')
      C:\Program Files (x86)\Windows Kits\10\Include\10.0.26100.0\shared\winerror.h(59388,9):
      see previous definition of 'DXGI_ERROR_WAS_STILL_DRAWING'
  
C:\Users\Humbe\OneDrive\Desktop\folder\libs\sdk\Include\dxgitype.h(29,9): warning C4005: 'DXGI_ERROR_FRAME_STATISTICS_DISJOINT': macro redefinition
  (compiling source file 'main.cpp')
      C:\Program Files (x86)\Windows Kits\10\Include\10.0.26100.0\shared\winerror.h(59398,9):
      see previous definition of 'DXGI_ERROR_FRAME_STATISTICS_DISJOINT'
  
C:\Users\Humbe\OneDrive\Desktop\folder\libs\sdk\Include\dxgitype.h(30,9): warning C4005: 'DXGI_ERROR_GRAPHICS_VIDPN_SOURCE_IN_USE': macro redefinition
  (compiling source file 'main.cpp')
      C:\Program Files (x86)\Windows Kits\10\Include\10.0.26100.0\shared\winerror.h(59407,9):
      see previous definition of 'DXGI_ERROR_GRAPHICS_VIDPN_SOURCE_IN_USE'
  
C:\Users\Humbe\OneDrive\Desktop\folder\libs\sdk\Include\dxgitype.h(31,9): warning C4005: 'DXGI_ERROR_DRIVER_INTERNAL_ERROR': macro redefinition
  (compiling source file 'main.cpp')
      C:\Program Files (x86)\Windows Kits\10\Include\10.0.26100.0\shared\winerror.h(59417,9):
      see previous definition of 'DXGI_ERROR_DRIVER_INTERNAL_ERROR'
  
C:\Users\Humbe\OneDrive\Desktop\folder\libs\sdk\Include\dxgitype.h(32,9): warning C4005: 'DXGI_ERROR_NONEXCLUSIVE': macro redefinition
  (compiling source file 'main.cpp')
      C:\Program Files (x86)\Windows Kits\10\Include\10.0.26100.0\shared\winerror.h(59426,9):
      see previous definition of 'DXGI_ERROR_NONEXCLUSIVE'
  
C:\Users\Humbe\OneDrive\Desktop\folder\libs\sdk\Include\dxgitype.h(33,9): warning C4005: 'DXGI_ERROR_NOT_CURRENTLY_AVAILABLE': macro redefinition
  (compiling source file 'main.cpp')
      C:\Program Files (x86)\Windows Kits\10\Include\10.0.26100.0\shared\winerror.h(59435,9):
      see previous definition of 'DXGI_ERROR_NOT_CURRENTLY_AVAILABLE'
  
C:\Users\Humbe\OneDrive\Desktop\folder\libs\sdk\Include\dxgitype.h(34,9): warning C4005: 'DXGI_ERROR_REMOTE_CLIENT_DISCONNECTED': macro redefinition
  (compiling source file 'main.cpp')
      C:\Program Files (x86)\Windows Kits\10\Include\10.0.26100.0\shared\winerror.h(59445,9):
      see previous definition of 'DXGI_ERROR_REMOTE_CLIENT_DISCONNECTED'
  
C:\Users\Humbe\OneDrive\Desktop\folder\libs\sdk\Include\dxgitype.h(35,9): warning C4005: 'DXGI_ERROR_REMOTE_OUTOFMEMORY': macro redefinition
  (compiling source file 'main.cpp')
      C:\Program Files (x86)\Windows Kits\10\Include\10.0.26100.0\shared\winerror.h(59454,9):
      see previous definition of 'DXGI_ERROR_REMOTE_OUTOFMEMORY'
  
C:\Users\Humbe\OneDrive\Desktop\folder\libs\sdk\Include\d3d11.h(917,9): warning C4005: 'D3D11_ERROR_TOO_MANY_UNIQUE_STATE_OBJECTS': macro redefinition
  (compiling source file 'main.cpp')
      C:\Program Files (x86)\Windows Kits\10\Include\10.0.26100.0\shared\winerror.h(59769,9):
      see previous definition of 'D3D11_ERROR_TOO_MANY_UNIQUE_STATE_OBJECTS'
  
C:\Users\Humbe\OneDrive\Desktop\folder\libs\sdk\Include\d3d11.h(918,9): warning C4005: 'D3D11_ERROR_FILE_NOT_FOUND': macro redefinition
  (compiling source file 'main.cpp')
      C:\Program Files (x86)\Windows Kits\10\Include\10.0.26100.0\shared\winerror.h(59778,9):
      see previous definition of 'D3D11_ERROR_FILE_NOT_FOUND'
  
C:\Users\Humbe\OneDrive\Desktop\folder\libs\sdk\Include\d3d11.h(919,9): warning C4005: 'D3D11_ERROR_TOO_MANY_UNIQUE_VIEW_OBJECTS': macro redefinition
  (compiling source file 'main.cpp')
      C:\Program Files (x86)\Windows Kits\10\Include\10.0.26100.0\shared\winerror.h(59788,9):
      see previous definition of 'D3D11_ERROR_TOO_MANY_UNIQUE_VIEW_OBJECTS'
  
C:\Users\Humbe\OneDrive\Desktop\folder\libs\sdk\Include\d3d11.h(920,9): warning C4005: 'D3D11_ERROR_DEFERRED_CONTEXT_MAP_WITHOUT_INITIAL_DISCARD': macro redefinition
  (compiling source file 'main.cpp')
      C:\Program Files (x86)\Windows Kits\10\Include\10.0.26100.0\shared\winerror.h(59797,9):
      see previous definition of 'D3D11_ERROR_DEFERRED_CONTEXT_MAP_WITHOUT_INITIAL_DISCARD'
  
C:\Users\Humbe\OneDrive\Desktop\folder\libs\sdk\Include\d3d10.h(608,9): warning C4005: 'D3D10_ERROR_TOO_MANY_UNIQUE_STATE_OBJECTS': macro redefinition
  (compiling source file 'main.cpp')
      C:\Program Files (x86)\Windows Kits\10\Include\10.0.26100.0\shared\winerror.h(59745,9):
      see previous definition of 'D3D10_ERROR_TOO_MANY_UNIQUE_STATE_OBJECTS'
  
C:\Users\Humbe\OneDrive\Desktop\folder\libs\sdk\Include\d3d10.h(609,9): warning C4005: 'D3D10_ERROR_FILE_NOT_FOUND': macro redefinition
  (compiling source file 'main.cpp')
      C:\Program Files (x86)\Windows Kits\10\Include\10.0.26100.0\shared\winerror.h(59754,9):
      see previous definition of 'D3D10_ERROR_FILE_NOT_FOUND'
  
A:\prjcts\pwmngr\pwmngr2.2.1\main.cpp(4,9): warning C4005: 'SODIUM_STATIC': macro redefinition
      A:\prjcts\pwmngr\pwmngr2.2.1\main.cpp(4,9):
      'SODIUM_STATIC' previously declared on the command line
  
  sidebar_icons.cpp
C:\Users\Humbe\OneDrive\Desktop\folder\libs\sdk\Include\dxgitype.h(12,9): warning C4005: 'DXGI_STATUS_OCCLUDED': macro redefinition
  (compiling source file 'sidebar_icons.cpp')
      C:\Program Files (x86)\Windows Kits\10\Include\10.0.26100.0\shared\winerror.h(59255,9):
      see previous definition of 'DXGI_STATUS_OCCLUDED'
  
C:\Users\Humbe\OneDrive\Desktop\folder\libs\sdk\Include\dxgitype.h(13,9): warning C4005: 'DXGI_STATUS_CLIPPED': macro redefinition
  (compiling source file 'sidebar_icons.cpp')
      C:\Program Files (x86)\Windows Kits\10\Include\10.0.26100.0\shared\winerror.h(59264,9):
      see previous definition of 'DXGI_STATUS_CLIPPED'
  
C:\Users\Humbe\OneDrive\Desktop\folder\libs\sdk\Include\dxgitype.h(14,9): warning C4005: 'DXGI_STATUS_NO_REDIRECTION': macro redefinition
  (compiling source file 'sidebar_icons.cpp')
      C:\Program Files (x86)\Windows Kits\10\Include\10.0.26100.0\shared\winerror.h(59273,9):
      see previous definition of 'DXGI_STATUS_NO_REDIRECTION'
  
C:\Users\Humbe\OneDrive\Desktop\folder\libs\sdk\Include\dxgitype.h(15,9): warning C4005: 'DXGI_STATUS_NO_DESKTOP_ACCESS': macro redefinition
  (compiling source file 'sidebar_icons.cpp')
      C:\Program Files (x86)\Windows Kits\10\Include\10.0.26100.0\shared\winerror.h(59282,9):
      see previous definition of 'DXGI_STATUS_NO_DESKTOP_ACCESS'
  
C:\Users\Humbe\OneDrive\Desktop\folder\libs\sdk\Include\dxgitype.h(16,9): warning C4005: 'DXGI_STATUS_GRAPHICS_VIDPN_SOURCE_IN_USE': macro redefinition
  (compiling source file 'sidebar_icons.cpp')
      C:\Program Files (x86)\Windows Kits\10\Include\10.0.26100.0\shared\winerror.h(59291,9):
      see previous definition of 'DXGI_STATUS_GRAPHICS_VIDPN_SOURCE_IN_USE'
  
C:\Users\Humbe\OneDrive\Desktop\folder\libs\sdk\Include\dxgitype.h(17,9): warning C4005: 'DXGI_STATUS_MODE_CHANGED': macro redefinition
  (compiling source file 'sidebar_icons.cpp')
      C:\Program Files (x86)\Windows Kits\10\Include\10.0.26100.0\shared\winerror.h(59300,9):
      see previous definition of 'DXGI_STATUS_MODE_CHANGED'
  
C:\Users\Humbe\OneDrive\Desktop\folder\libs\sdk\Include\dxgitype.h(18,9): warning C4005: 'DXGI_STATUS_MODE_CHANGE_IN_PROGRESS': macro redefinition
  (compiling source file 'sidebar_icons.cpp')
      C:\Program Files (x86)\Windows Kits\10\Include\10.0.26100.0\shared\winerror.h(59309,9):
      see previous definition of 'DXGI_STATUS_MODE_CHANGE_IN_PROGRESS'
  
C:\Users\Humbe\OneDrive\Desktop\folder\libs\sdk\Include\dxgitype.h(21,9): warning C4005: 'DXGI_ERROR_INVALID_CALL': macro redefinition
  (compiling source file 'sidebar_icons.cpp')
      C:\Program Files (x86)\Windows Kits\10\Include\10.0.26100.0\shared\winerror.h(59324,9):
      see previous definition of 'DXGI_ERROR_INVALID_CALL'
  
C:\Users\Humbe\OneDrive\Desktop\folder\libs\sdk\Include\dxgitype.h(22,9): warning C4005: 'DXGI_ERROR_NOT_FOUND': macro redefinition
  (compiling source file 'sidebar_icons.cpp')
      C:\Program Files (x86)\Windows Kits\10\Include\10.0.26100.0\shared\winerror.h(59333,9):
      see previous definition of 'DXGI_ERROR_NOT_FOUND'
  
C:\Users\Humbe\OneDrive\Desktop\folder\libs\sdk\Include\dxgitype.h(23,9): warning C4005: 'DXGI_ERROR_MORE_DATA': macro redefinition
  (compiling source file 'sidebar_icons.cpp')
      C:\Program Files (x86)\Windows Kits\10\Include\10.0.26100.0\shared\winerror.h(59342,9):
      see previous definition of 'DXGI_ERROR_MORE_DATA'
  
C:\Users\Humbe\OneDrive\Desktop\folder\libs\sdk\Include\dxgitype.h(24,9): warning C4005: 'DXGI_ERROR_UNSUPPORTED': macro redefinition
  (compiling source file 'sidebar_icons.cpp')
      C:\Program Files (x86)\Windows Kits\10\Include\10.0.26100.0\shared\winerror.h(59351,9):
      see previous definition of 'DXGI_ERROR_UNSUPPORTED'
  
C:\Users\Humbe\OneDrive\Desktop\folder\libs\sdk\Include\dxgitype.h(25,9): warning C4005: 'DXGI_ERROR_DEVICE_REMOVED': macro redefinition
  (compiling source file 'sidebar_icons.cpp')
      C:\Program Files (x86)\Windows Kits\10\Include\10.0.26100.0\shared\winerror.h(59360,9):
      see previous definition of 'DXGI_ERROR_DEVICE_REMOVED'
  
C:\Users\Humbe\OneDrive\Desktop\folder\libs\sdk\Include\dxgitype.h(26,9): warning C4005: 'DXGI_ERROR_DEVICE_HUNG': macro redefinition
  (compiling source file 'sidebar_icons.cpp')
      C:\Program Files (x86)\Windows Kits\10\Include\10.0.26100.0\shared\winerror.h(59369,9):
      see previous definition of 'DXGI_ERROR_DEVICE_HUNG'
  
C:\Users\Humbe\OneDrive\Desktop\folder\libs\sdk\Include\dxgitype.h(27,9): warning C4005: 'DXGI_ERROR_DEVICE_RESET': macro redefinition
  (compiling source file 'sidebar_icons.cpp')
      C:\Program Files (x86)\Windows Kits\10\Include\10.0.26100.0\shared\winerror.h(59379,9):
      see previous definition of 'DXGI_ERROR_DEVICE_RESET'
  
C:\Users\Humbe\OneDrive\Desktop\folder\libs\sdk\Include\dxgitype.h(28,9): warning C4005: 'DXGI_ERROR_WAS_STILL_DRAWING': macro redefinition
  (compiling source file 'sidebar_icons.cpp')
      C:\Program Files (x86)\Windows Kits\10\Include\10.0.26100.0\shared\winerror.h(59388,9):
      see previous definition of 'DXGI_ERROR_WAS_STILL_DRAWING'
  
C:\Users\Humbe\OneDrive\Desktop\folder\libs\sdk\Include\dxgitype.h(29,9): warning C4005: 'DXGI_ERROR_FRAME_STATISTICS_DISJOINT': macro redefinition
  (compiling source file 'sidebar_icons.cpp')
      C:\Program Files (x86)\Windows Kits\10\Include\10.0.26100.0\shared\winerror.h(59398,9):
      see previous definition of 'DXGI_ERROR_FRAME_STATISTICS_DISJOINT'
  
C:\Users\Humbe\OneDrive\Desktop\folder\libs\sdk\Include\dxgitype.h(30,9): warning C4005: 'DXGI_ERROR_GRAPHICS_VIDPN_SOURCE_IN_USE': macro redefinition
  (compiling source file 'sidebar_icons.cpp')
      C:\Program Files (x86)\Windows Kits\10\Include\10.0.26100.0\shared\winerror.h(59407,9):
      see previous definition of 'DXGI_ERROR_GRAPHICS_VIDPN_SOURCE_IN_USE'
  
C:\Users\Humbe\OneDrive\Desktop\folder\libs\sdk\Include\dxgitype.h(31,9): warning C4005: 'DXGI_ERROR_DRIVER_INTERNAL_ERROR': macro redefinition
  (compiling source file 'sidebar_icons.cpp')
      C:\Program Files (x86)\Windows Kits\10\Include\10.0.26100.0\shared\winerror.h(59417,9):
      see previous definition of 'DXGI_ERROR_DRIVER_INTERNAL_ERROR'
  
C:\Users\Humbe\OneDrive\Desktop\folder\libs\sdk\Include\dxgitype.h(32,9): warning C4005: 'DXGI_ERROR_NONEXCLUSIVE': macro redefinition
  (compiling source file 'sidebar_icons.cpp')
      C:\Program Files (x86)\Windows Kits\10\Include\10.0.26100.0\shared\winerror.h(59426,9):
      see previous definition of 'DXGI_ERROR_NONEXCLUSIVE'
  
C:\Users\Humbe\OneDrive\Desktop\folder\libs\sdk\Include\dxgitype.h(33,9): warning C4005: 'DXGI_ERROR_NOT_CURRENTLY_AVAILABLE': macro redefinition
  (compiling source file 'sidebar_icons.cpp')
      C:\Program Files (x86)\Windows Kits\10\Include\10.0.26100.0\shared\winerror.h(59435,9):
      see previous definition of 'DXGI_ERROR_NOT_CURRENTLY_AVAILABLE'
  
C:\Users\Humbe\OneDrive\Desktop\folder\libs\sdk\Include\dxgitype.h(34,9): warning C4005: 'DXGI_ERROR_REMOTE_CLIENT_DISCONNECTED': macro redefinition
  (compiling source file 'sidebar_icons.cpp')
      C:\Program Files (x86)\Windows Kits\10\Include\10.0.26100.0\shared\winerror.h(59445,9):
      see previous definition of 'DXGI_ERROR_REMOTE_CLIENT_DISCONNECTED'
  
C:\Users\Humbe\OneDrive\Desktop\folder\libs\sdk\Include\dxgitype.h(35,9): warning C4005: 'DXGI_ERROR_REMOTE_OUTOFMEMORY': macro redefinition
  (compiling source file 'sidebar_icons.cpp')
      C:\Program Files (x86)\Windows Kits\10\Include\10.0.26100.0\shared\winerror.h(59454,9):
      see previous definition of 'DXGI_ERROR_REMOTE_OUTOFMEMORY'
  
C:\Users\Humbe\OneDrive\Desktop\folder\libs\sdk\Include\d3d11.h(917,9): warning C4005: 'D3D11_ERROR_TOO_MANY_UNIQUE_STATE_OBJECTS': macro redefinition
  (compiling source file 'sidebar_icons.cpp')
      C:\Program Files (x86)\Windows Kits\10\Include\10.0.26100.0\shared\winerror.h(59769,9):
      see previous definition of 'D3D11_ERROR_TOO_MANY_UNIQUE_STATE_OBJECTS'
  
C:\Users\Humbe\OneDrive\Desktop\folder\libs\sdk\Include\d3d11.h(918,9): warning C4005: 'D3D11_ERROR_FILE_NOT_FOUND': macro redefinition
  (compiling source file 'sidebar_icons.cpp')
      C:\Program Files (x86)\Windows Kits\10\Include\10.0.26100.0\shared\winerror.h(59778,9):
      see previous definition of 'D3D11_ERROR_FILE_NOT_FOUND'
  
C:\Users\Humbe\OneDrive\Desktop\folder\libs\sdk\Include\d3d11.h(919,9): warning C4005: 'D3D11_ERROR_TOO_MANY_UNIQUE_VIEW_OBJECTS': macro redefinition
  (compiling source file 'sidebar_icons.cpp')
      C:\Program Files (x86)\Windows Kits\10\Include\10.0.26100.0\shared\winerror.h(59788,9):
      see previous definition of 'D3D11_ERROR_TOO_MANY_UNIQUE_VIEW_OBJECTS'
  
C:\Users\Humbe\OneDrive\Desktop\folder\libs\sdk\Include\d3d11.h(920,9): warning C4005: 'D3D11_ERROR_DEFERRED_CONTEXT_MAP_WITHOUT_INITIAL_DISCARD': macro redefinition
  (compiling source file 'sidebar_icons.cpp')
      C:\Program Files (x86)\Windows Kits\10\Include\10.0.26100.0\shared\winerror.h(59797,9):
      see previous definition of 'D3D11_ERROR_DEFERRED_CONTEXT_MAP_WITHOUT_INITIAL_DISCARD'
  
C:\Users\Humbe\OneDrive\Desktop\folder\libs\sdk\Include\d3d10.h(608,9): warning C4005: 'D3D10_ERROR_TOO_MANY_UNIQUE_STATE_OBJECTS': macro redefinition
  (compiling source file 'sidebar_icons.cpp')
      C:\Program Files (x86)\Windows Kits\10\Include\10.0.26100.0\shared\winerror.h(59745,9):
      see previous definition of 'D3D10_ERROR_TOO_MANY_UNIQUE_STATE_OBJECTS'
  
C:\Users\Humbe\OneDrive\Desktop\folder\libs\sdk\Include\d3d10.h(609,9): warning C4005: 'D3D10_ERROR_FILE_NOT_FOUND': macro redefinition
  (compiling source file 'sidebar_icons.cpp')
      C:\Program Files (x86)\Windows Kits\10\Include\10.0.26100.0\shared\winerror.h(59754,9):
      see previous definition of 'D3D10_ERROR_FILE_NOT_FOUND'
  
  ui_controls.cpp
C:\Users\Humbe\OneDrive\Desktop\folder\libs\sdk\Include\dxgitype.h(12,9): warning C4005: 'DXGI_STATUS_OCCLUDED': macro redefinition
  (compiling source file 'ui_controls.cpp')
      C:\Program Files (x86)\Windows Kits\10\Include\10.0.26100.0\shared\winerror.h(59255,9):
      see previous definition of 'DXGI_STATUS_OCCLUDED'
  
C:\Users\Humbe\OneDrive\Desktop\folder\libs\sdk\Include\dxgitype.h(13,9): warning C4005: 'DXGI_STATUS_CLIPPED': macro redefinition
  (compiling source file 'ui_controls.cpp')
      C:\Program Files (x86)\Windows Kits\10\Include\10.0.26100.0\shared\winerror.h(59264,9):
      see previous definition of 'DXGI_STATUS_CLIPPED'
  
C:\Users\Humbe\OneDrive\Desktop\folder\libs\sdk\Include\dxgitype.h(14,9): warning C4005: 'DXGI_STATUS_NO_REDIRECTION': macro redefinition
  (compiling source file 'ui_controls.cpp')
      C:\Program Files (x86)\Windows Kits\10\Include\10.0.26100.0\shared\winerror.h(59273,9):
      see previous definition of 'DXGI_STATUS_NO_REDIRECTION'
  
C:\Users\Humbe\OneDrive\Desktop\folder\libs\sdk\Include\dxgitype.h(15,9): warning C4005: 'DXGI_STATUS_NO_DESKTOP_ACCESS': macro redefinition
  (compiling source file 'ui_controls.cpp')
      C:\Program Files (x86)\Windows Kits\10\Include\10.0.26100.0\shared\winerror.h(59282,9):
      see previous definition of 'DXGI_STATUS_NO_DESKTOP_ACCESS'
  
C:\Users\Humbe\OneDrive\Desktop\folder\libs\sdk\Include\dxgitype.h(16,9): warning C4005: 'DXGI_STATUS_GRAPHICS_VIDPN_SOURCE_IN_USE': macro redefinition
  (compiling source file 'ui_controls.cpp')
      C:\Program Files (x86)\Windows Kits\10\Include\10.0.26100.0\shared\winerror.h(59291,9):
      see previous definition of 'DXGI_STATUS_GRAPHICS_VIDPN_SOURCE_IN_USE'
  
C:\Users\Humbe\OneDrive\Desktop\folder\libs\sdk\Include\dxgitype.h(17,9): warning C4005: 'DXGI_STATUS_MODE_CHANGED': macro redefinition
  (compiling source file 'ui_controls.cpp')
      C:\Program Files (x86)\Windows Kits\10\Include\10.0.26100.0\shared\winerror.h(59300,9):
      see previous definition of 'DXGI_STATUS_MODE_CHANGED'
  
C:\Users\Humbe\OneDrive\Desktop\folder\libs\sdk\Include\dxgitype.h(18,9): warning C4005: 'DXGI_STATUS_MODE_CHANGE_IN_PROGRESS': macro redefinition
  (compiling source file 'ui_controls.cpp')
      C:\Program Files (x86)\Windows Kits\10\Include\10.0.26100.0\shared\winerror.h(59309,9):
      see previous definition of 'DXGI_STATUS_MODE_CHANGE_IN_PROGRESS'
  
C:\Users\Humbe\OneDrive\Desktop\folder\libs\sdk\Include\dxgitype.h(21,9): warning C4005: 'DXGI_ERROR_INVALID_CALL': macro redefinition
  (compiling source file 'ui_controls.cpp')
      C:\Program Files (x86)\Windows Kits\10\Include\10.0.26100.0\shared\winerror.h(59324,9):
      see previous definition of 'DXGI_ERROR_INVALID_CALL'
  
C:\Users\Humbe\OneDrive\Desktop\folder\libs\sdk\Include\dxgitype.h(22,9): warning C4005: 'DXGI_ERROR_NOT_FOUND': macro redefinition
  (compiling source file 'ui_controls.cpp')
      C:\Program Files (x86)\Windows Kits\10\Include\10.0.26100.0\shared\winerror.h(59333,9):
      see previous definition of 'DXGI_ERROR_NOT_FOUND'
  
C:\Users\Humbe\OneDrive\Desktop\folder\libs\sdk\Include\dxgitype.h(23,9): warning C4005: 'DXGI_ERROR_MORE_DATA': macro redefinition
  (compiling source file 'ui_controls.cpp')
      C:\Program Files (x86)\Windows Kits\10\Include\10.0.26100.0\shared\winerror.h(59342,9):
      see previous definition of 'DXGI_ERROR_MORE_DATA'
  
C:\Users\Humbe\OneDrive\Desktop\folder\libs\sdk\Include\dxgitype.h(24,9): warning C4005: 'DXGI_ERROR_UNSUPPORTED': macro redefinition
  (compiling source file 'ui_controls.cpp')
      C:\Program Files (x86)\Windows Kits\10\Include\10.0.26100.0\shared\winerror.h(59351,9):
      see previous definition of 'DXGI_ERROR_UNSUPPORTED'
  
C:\Users\Humbe\OneDrive\Desktop\folder\libs\sdk\Include\dxgitype.h(25,9): warning C4005: 'DXGI_ERROR_DEVICE_REMOVED': macro redefinition
  (compiling source file 'ui_controls.cpp')
      C:\Program Files (x86)\Windows Kits\10\Include\10.0.26100.0\shared\winerror.h(59360,9):
      see previous definition of 'DXGI_ERROR_DEVICE_REMOVED'
  
C:\Users\Humbe\OneDrive\Desktop\folder\libs\sdk\Include\dxgitype.h(26,9): warning C4005: 'DXGI_ERROR_DEVICE_HUNG': macro redefinition
  (compiling source file 'ui_controls.cpp')
      C:\Program Files (x86)\Windows Kits\10\Include\10.0.26100.0\shared\winerror.h(59369,9):
      see previous definition of 'DXGI_ERROR_DEVICE_HUNG'
  
C:\Users\Humbe\OneDrive\Desktop\folder\libs\sdk\Include\dxgitype.h(27,9): warning C4005: 'DXGI_ERROR_DEVICE_RESET': macro redefinition
  (compiling source file 'ui_controls.cpp')
      C:\Program Files (x86)\Windows Kits\10\Include\10.0.26100.0\shared\winerror.h(59379,9):
      see previous definition of 'DXGI_ERROR_DEVICE_RESET'
  
C:\Users\Humbe\OneDrive\Desktop\folder\libs\sdk\Include\dxgitype.h(28,9): warning C4005: 'DXGI_ERROR_WAS_STILL_DRAWING': macro redefinition
  (compiling source file 'ui_controls.cpp')
      C:\Program Files (x86)\Windows Kits\10\Include\10.0.26100.0\shared\winerror.h(59388,9):
      see previous definition of 'DXGI_ERROR_WAS_STILL_DRAWING'
  
C:\Users\Humbe\OneDrive\Desktop\folder\libs\sdk\Include\dxgitype.h(29,9): warning C4005: 'DXGI_ERROR_FRAME_STATISTICS_DISJOINT': macro redefinition
  (compiling source file 'ui_controls.cpp')
      C:\Program Files (x86)\Windows Kits\10\Include\10.0.26100.0\shared\winerror.h(59398,9):
      see previous definition of 'DXGI_ERROR_FRAME_STATISTICS_DISJOINT'
  
C:\Users\Humbe\OneDrive\Desktop\folder\libs\sdk\Include\dxgitype.h(30,9): warning C4005: 'DXGI_ERROR_GRAPHICS_VIDPN_SOURCE_IN_USE': macro redefinition
  (compiling source file 'ui_controls.cpp')
      C:\Program Files (x86)\Windows Kits\10\Include\10.0.26100.0\shared\winerror.h(59407,9):
      see previous definition of 'DXGI_ERROR_GRAPHICS_VIDPN_SOURCE_IN_USE'
  
C:\Users\Humbe\OneDrive\Desktop\folder\libs\sdk\Include\dxgitype.h(31,9): warning C4005: 'DXGI_ERROR_DRIVER_INTERNAL_ERROR': macro redefinition
  (compiling source file 'ui_controls.cpp')
      C:\Program Files (x86)\Windows Kits\10\Include\10.0.26100.0\shared\winerror.h(59417,9):
      see previous definition of 'DXGI_ERROR_DRIVER_INTERNAL_ERROR'
  
C:\Users\Humbe\OneDrive\Desktop\folder\libs\sdk\Include\dxgitype.h(32,9): warning C4005: 'DXGI_ERROR_NONEXCLUSIVE': macro redefinition
  (compiling source file 'ui_controls.cpp')
      C:\Program Files (x86)\Windows Kits\10\Include\10.0.26100.0\shared\winerror.h(59426,9):
      see previous definition of 'DXGI_ERROR_NONEXCLUSIVE'
  
C:\Users\Humbe\OneDrive\Desktop\folder\libs\sdk\Include\dxgitype.h(33,9): warning C4005: 'DXGI_ERROR_NOT_CURRENTLY_AVAILABLE': macro redefinition
  (compiling source file 'ui_controls.cpp')
      C:\Program Files (x86)\Windows Kits\10\Include\10.0.26100.0\shared\winerror.h(59435,9):
      see previous definition of 'DXGI_ERROR_NOT_CURRENTLY_AVAILABLE'
  
C:\Users\Humbe\OneDrive\Desktop\folder\libs\sdk\Include\dxgitype.h(34,9): warning C4005: 'DXGI_ERROR_REMOTE_CLIENT_DISCONNECTED': macro redefinition
  (compiling source file 'ui_controls.cpp')
      C:\Program Files (x86)\Windows Kits\10\Include\10.0.26100.0\shared\winerror.h(59445,9):
      see previous definition of 'DXGI_ERROR_REMOTE_CLIENT_DISCONNECTED'
  
C:\Users\Humbe\OneDrive\Desktop\folder\libs\sdk\Include\dxgitype.h(35,9): warning C4005: 'DXGI_ERROR_REMOTE_OUTOFMEMORY': macro redefinition
  (compiling source file 'ui_controls.cpp')
      C:\Program Files (x86)\Windows Kits\10\Include\10.0.26100.0\shared\winerror.h(59454,9):
      see previous definition of 'DXGI_ERROR_REMOTE_OUTOFMEMORY'
  
C:\Users\Humbe\OneDrive\Desktop\folder\libs\sdk\Include\d3d11.h(917,9): warning C4005: 'D3D11_ERROR_TOO_MANY_UNIQUE_STATE_OBJECTS': macro redefinition
  (compiling source file 'ui_controls.cpp')
      C:\Program Files (x86)\Windows Kits\10\Include\10.0.26100.0\shared\winerror.h(59769,9):
      see previous definition of 'D3D11_ERROR_TOO_MANY_UNIQUE_STATE_OBJECTS'
  
C:\Users\Humbe\OneDrive\Desktop\folder\libs\sdk\Include\d3d11.h(918,9): warning C4005: 'D3D11_ERROR_FILE_NOT_FOUND': macro redefinition
  (compiling source file 'ui_controls.cpp')
      C:\Program Files (x86)\Windows Kits\10\Include\10.0.26100.0\shared\winerror.h(59778,9):
      see previous definition of 'D3D11_ERROR_FILE_NOT_FOUND'
  
C:\Users\Humbe\OneDrive\Desktop\folder\libs\sdk\Include\d3d11.h(919,9): warning C4005: 'D3D11_ERROR_TOO_MANY_UNIQUE_VIEW_OBJECTS': macro redefinition
  (compiling source file 'ui_controls.cpp')
      C:\Program Files (x86)\Windows Kits\10\Include\10.0.26100.0\shared\winerror.h(59788,9):
      see previous definition of 'D3D11_ERROR_TOO_MANY_UNIQUE_VIEW_OBJECTS'
  
C:\Users\Humbe\OneDrive\Desktop\folder\libs\sdk\Include\d3d11.h(920,9): warning C4005: 'D3D11_ERROR_DEFERRED_CONTEXT_MAP_WITHOUT_INITIAL_DISCARD': macro redefinition
  (compiling source file 'ui_controls.cpp')
      C:\Program Files (x86)\Windows Kits\10\Include\10.0.26100.0\shared\winerror.h(59797,9):
      see previous definition of 'D3D11_ERROR_DEFERRED_CONTEXT_MAP_WITHOUT_INITIAL_DISCARD'
  
C:\Users\Humbe\OneDrive\Desktop\folder\libs\sdk\Include\d3d10.h(608,9): warning C4005: 'D3D10_ERROR_TOO_MANY_UNIQUE_STATE_OBJECTS': macro redefinition
  (compiling source file 'ui_controls.cpp')
      C:\Program Files (x86)\Windows Kits\10\Include\10.0.26100.0\shared\winerror.h(59745,9):
      see previous definition of 'D3D10_ERROR_TOO_MANY_UNIQUE_STATE_OBJECTS'
  
C:\Users\Humbe\OneDrive\Desktop\folder\libs\sdk\Include\d3d10.h(609,9): warning C4005: 'D3D10_ERROR_FILE_NOT_FOUND': macro redefinition
  (compiling source file 'ui_controls.cpp')
      C:\Program Files (x86)\Windows Kits\10\Include\10.0.26100.0\shared\winerror.h(59754,9):
      see previous definition of 'D3D10_ERROR_FILE_NOT_FOUND'
  
  ui_modals.cpp
C:\Users\Humbe\OneDrive\Desktop\folder\libs\sdk\Include\dxgitype.h(12,9): warning C4005: 'DXGI_STATUS_OCCLUDED': macro redefinition
  (compiling source file 'ui_modals.cpp')
      C:\Program Files (x86)\Windows Kits\10\Include\10.0.26100.0\shared\winerror.h(59255,9):
      see previous definition of 'DXGI_STATUS_OCCLUDED'
  
C:\Users\Humbe\OneDrive\Desktop\folder\libs\sdk\Include\dxgitype.h(13,9): warning C4005: 'DXGI_STATUS_CLIPPED': macro redefinition
  (compiling source file 'ui_modals.cpp')
      C:\Program Files (x86)\Windows Kits\10\Include\10.0.26100.0\shared\winerror.h(59264,9):
      see previous definition of 'DXGI_STATUS_CLIPPED'
  
C:\Users\Humbe\OneDrive\Desktop\folder\libs\sdk\Include\dxgitype.h(14,9): warning C4005: 'DXGI_STATUS_NO_REDIRECTION': macro redefinition
  (compiling source file 'ui_modals.cpp')
      C:\Program Files (x86)\Windows Kits\10\Include\10.0.26100.0\shared\winerror.h(59273,9):
      see previous definition of 'DXGI_STATUS_NO_REDIRECTION'
  
C:\Users\Humbe\OneDrive\Desktop\folder\libs\sdk\Include\dxgitype.h(15,9): warning C4005: 'DXGI_STATUS_NO_DESKTOP_ACCESS': macro redefinition
  (compiling source file 'ui_modals.cpp')
      C:\Program Files (x86)\Windows Kits\10\Include\10.0.26100.0\shared\winerror.h(59282,9):
      see previous definition of 'DXGI_STATUS_NO_DESKTOP_ACCESS'
  
C:\Users\Humbe\OneDrive\Desktop\folder\libs\sdk\Include\dxgitype.h(16,9): warning C4005: 'DXGI_STATUS_GRAPHICS_VIDPN_SOURCE_IN_USE': macro redefinition
  (compiling source file 'ui_modals.cpp')
      C:\Program Files (x86)\Windows Kits\10\Include\10.0.26100.0\shared\winerror.h(59291,9):
      see previous definition of 'DXGI_STATUS_GRAPHICS_VIDPN_SOURCE_IN_USE'
  
C:\Users\Humbe\OneDrive\Desktop\folder\libs\sdk\Include\dxgitype.h(17,9): warning C4005: 'DXGI_STATUS_MODE_CHANGED': macro redefinition
  (compiling source file 'ui_modals.cpp')
      C:\Program Files (x86)\Windows Kits\10\Include\10.0.26100.0\shared\winerror.h(59300,9):
      see previous definition of 'DXGI_STATUS_MODE_CHANGED'
  
C:\Users\Humbe\OneDrive\Desktop\folder\libs\sdk\Include\dxgitype.h(18,9): warning C4005: 'DXGI_STATUS_MODE_CHANGE_IN_PROGRESS': macro redefinition
  (compiling source file 'ui_modals.cpp')
      C:\Program Files (x86)\Windows Kits\10\Include\10.0.26100.0\shared\winerror.h(59309,9):
      see previous definition of 'DXGI_STATUS_MODE_CHANGE_IN_PROGRESS'
  
C:\Users\Humbe\OneDrive\Desktop\folder\libs\sdk\Include\dxgitype.h(21,9): warning C4005: 'DXGI_ERROR_INVALID_CALL': macro redefinition
  (compiling source file 'ui_modals.cpp')
      C:\Program Files (x86)\Windows Kits\10\Include\10.0.26100.0\shared\winerror.h(59324,9):
      see previous definition of 'DXGI_ERROR_INVALID_CALL'
  
C:\Users\Humbe\OneDrive\Desktop\folder\libs\sdk\Include\dxgitype.h(22,9): warning C4005: 'DXGI_ERROR_NOT_FOUND': macro redefinition
  (compiling source file 'ui_modals.cpp')
      C:\Program Files (x86)\Windows Kits\10\Include\10.0.26100.0\shared\winerror.h(59333,9):
      see previous definition of 'DXGI_ERROR_NOT_FOUND'
  
C:\Users\Humbe\OneDrive\Desktop\folder\libs\sdk\Include\dxgitype.h(23,9): warning C4005: 'DXGI_ERROR_MORE_DATA': macro redefinition
  (compiling source file 'ui_modals.cpp')
      C:\Program Files (x86)\Windows Kits\10\Include\10.0.26100.0\shared\winerror.h(59342,9):
      see previous definition of 'DXGI_ERROR_MORE_DATA'
  
C:\Users\Humbe\OneDrive\Desktop\folder\libs\sdk\Include\dxgitype.h(24,9): warning C4005: 'DXGI_ERROR_UNSUPPORTED': macro redefinition
  (compiling source file 'ui_modals.cpp')
      C:\Program Files (x86)\Windows Kits\10\Include\10.0.26100.0\shared\winerror.h(59351,9):
      see previous definition of 'DXGI_ERROR_UNSUPPORTED'
  
C:\Users\Humbe\OneDrive\Desktop\folder\libs\sdk\Include\dxgitype.h(25,9): warning C4005: 'DXGI_ERROR_DEVICE_REMOVED': macro redefinition
  (compiling source file 'ui_modals.cpp')
      C:\Program Files (x86)\Windows Kits\10\Include\10.0.26100.0\shared\winerror.h(59360,9):
      see previous definition of 'DXGI_ERROR_DEVICE_REMOVED'
  
C:\Users\Humbe\OneDrive\Desktop\folder\libs\sdk\Include\dxgitype.h(26,9): warning C4005: 'DXGI_ERROR_DEVICE_HUNG': macro redefinition
  (compiling source file 'ui_modals.cpp')
      C:\Program Files (x86)\Windows Kits\10\Include\10.0.26100.0\shared\winerror.h(59369,9):
      see previous definition of 'DXGI_ERROR_DEVICE_HUNG'
  
C:\Users\Humbe\OneDrive\Desktop\folder\libs\sdk\Include\dxgitype.h(27,9): warning C4005: 'DXGI_ERROR_DEVICE_RESET': macro redefinition
  (compiling source file 'ui_modals.cpp')
      C:\Program Files (x86)\Windows Kits\10\Include\10.0.26100.0\shared\winerror.h(59379,9):
      see previous definition of 'DXGI_ERROR_DEVICE_RESET'
  
C:\Users\Humbe\OneDrive\Desktop\folder\libs\sdk\Include\dxgitype.h(28,9): warning C4005: 'DXGI_ERROR_WAS_STILL_DRAWING': macro redefinition
  (compiling source file 'ui_modals.cpp')
      C:\Program Files (x86)\Windows Kits\10\Include\10.0.26100.0\shared\winerror.h(59388,9):
      see previous definition of 'DXGI_ERROR_WAS_STILL_DRAWING'
  
C:\Users\Humbe\OneDrive\Desktop\folder\libs\sdk\Include\dxgitype.h(29,9): warning C4005: 'DXGI_ERROR_FRAME_STATISTICS_DISJOINT': macro redefinition
  (compiling source file 'ui_modals.cpp')
      C:\Program Files (x86)\Windows Kits\10\Include\10.0.26100.0\shared\winerror.h(59398,9):
      see previous definition of 'DXGI_ERROR_FRAME_STATISTICS_DISJOINT'
  
C:\Users\Humbe\OneDrive\Desktop\folder\libs\sdk\Include\dxgitype.h(30,9): warning C4005: 'DXGI_ERROR_GRAPHICS_VIDPN_SOURCE_IN_USE': macro redefinition
  (compiling source file 'ui_modals.cpp')
      C:\Program Files (x86)\Windows Kits\10\Include\10.0.26100.0\shared\winerror.h(59407,9):
      see previous definition of 'DXGI_ERROR_GRAPHICS_VIDPN_SOURCE_IN_USE'
  
C:\Users\Humbe\OneDrive\Desktop\folder\libs\sdk\Include\dxgitype.h(31,9): warning C4005: 'DXGI_ERROR_DRIVER_INTERNAL_ERROR': macro redefinition
  (compiling source file 'ui_modals.cpp')
      C:\Program Files (x86)\Windows Kits\10\Include\10.0.26100.0\shared\winerror.h(59417,9):
      see previous definition of 'DXGI_ERROR_DRIVER_INTERNAL_ERROR'
  
C:\Users\Humbe\OneDrive\Desktop\folder\libs\sdk\Include\dxgitype.h(32,9): warning C4005: 'DXGI_ERROR_NONEXCLUSIVE': macro redefinition
  (compiling source file 'ui_modals.cpp')
      C:\Program Files (x86)\Windows Kits\10\Include\10.0.26100.0\shared\winerror.h(59426,9):
      see previous definition of 'DXGI_ERROR_NONEXCLUSIVE'
  
C:\Users\Humbe\OneDrive\Desktop\folder\libs\sdk\Include\dxgitype.h(33,9): warning C4005: 'DXGI_ERROR_NOT_CURRENTLY_AVAILABLE': macro redefinition
  (compiling source file 'ui_modals.cpp')
      C:\Program Files (x86)\Windows Kits\10\Include\10.0.26100.0\shared\winerror.h(59435,9):
      see previous definition of 'DXGI_ERROR_NOT_CURRENTLY_AVAILABLE'
  
C:\Users\Humbe\OneDrive\Desktop\folder\libs\sdk\Include\dxgitype.h(34,9): warning C4005: 'DXGI_ERROR_REMOTE_CLIENT_DISCONNECTED': macro redefinition
  (compiling source file 'ui_modals.cpp')
      C:\Program Files (x86)\Windows Kits\10\Include\10.0.26100.0\shared\winerror.h(59445,9):
      see previous definition of 'DXGI_ERROR_REMOTE_CLIENT_DISCONNECTED'
  
C:\Users\Humbe\OneDrive\Desktop\folder\libs\sdk\Include\dxgitype.h(35,9): warning C4005: 'DXGI_ERROR_REMOTE_OUTOFMEMORY': macro redefinition
  (compiling source file 'ui_modals.cpp')
      C:\Program Files (x86)\Windows Kits\10\Include\10.0.26100.0\shared\winerror.h(59454,9):
      see previous definition of 'DXGI_ERROR_REMOTE_OUTOFMEMORY'
  
C:\Users\Humbe\OneDrive\Desktop\folder\libs\sdk\Include\d3d11.h(917,9): warning C4005: 'D3D11_ERROR_TOO_MANY_UNIQUE_STATE_OBJECTS': macro redefinition
  (compiling source file 'ui_modals.cpp')
      C:\Program Files (x86)\Windows Kits\10\Include\10.0.26100.0\shared\winerror.h(59769,9):
      see previous definition of 'D3D11_ERROR_TOO_MANY_UNIQUE_STATE_OBJECTS'
  
C:\Users\Humbe\OneDrive\Desktop\folder\libs\sdk\Include\d3d11.h(918,9): warning C4005: 'D3D11_ERROR_FILE_NOT_FOUND': macro redefinition
  (compiling source file 'ui_modals.cpp')
      C:\Program Files (x86)\Windows Kits\10\Include\10.0.26100.0\shared\winerror.h(59778,9):
      see previous definition of 'D3D11_ERROR_FILE_NOT_FOUND'
  
C:\Users\Humbe\OneDrive\Desktop\folder\libs\sdk\Include\d3d11.h(919,9): warning C4005: 'D3D11_ERROR_TOO_MANY_UNIQUE_VIEW_OBJECTS': macro redefinition
  (compiling source file 'ui_modals.cpp')
      C:\Program Files (x86)\Windows Kits\10\Include\10.0.26100.0\shared\winerror.h(59788,9):
      see previous definition of 'D3D11_ERROR_TOO_MANY_UNIQUE_VIEW_OBJECTS'
  
C:\Users\Humbe\OneDrive\Desktop\folder\libs\sdk\Include\d3d11.h(920,9): warning C4005: 'D3D11_ERROR_DEFERRED_CONTEXT_MAP_WITHOUT_INITIAL_DISCARD': macro redefinition
  (compiling source file 'ui_modals.cpp')
      C:\Program Files (x86)\Windows Kits\10\Include\10.0.26100.0\shared\winerror.h(59797,9):
      see previous definition of 'D3D11_ERROR_DEFERRED_CONTEXT_MAP_WITHOUT_INITIAL_DISCARD'
  
C:\Users\Humbe\OneDrive\Desktop\folder\libs\sdk\Include\d3d10.h(608,9): warning C4005: 'D3D10_ERROR_TOO_MANY_UNIQUE_STATE_OBJECTS': macro redefinition
  (compiling source file 'ui_modals.cpp')
      C:\Program Files (x86)\Windows Kits\10\Include\10.0.26100.0\shared\winerror.h(59745,9):
      see previous definition of 'D3D10_ERROR_TOO_MANY_UNIQUE_STATE_OBJECTS'
  
C:\Users\Humbe\OneDrive\Desktop\folder\libs\sdk\Include\d3d10.h(609,9): warning C4005: 'D3D10_ERROR_FILE_NOT_FOUND': macro redefinition
  (compiling source file 'ui_modals.cpp')
      C:\Program Files (x86)\Windows Kits\10\Include\10.0.26100.0\shared\winerror.h(59754,9):
      see previous definition of 'D3D10_ERROR_FILE_NOT_FOUND'
  
  ui_views.cpp
C:\Users\Humbe\OneDrive\Desktop\folder\libs\sdk\Include\dxgitype.h(12,9): warning C4005: 'DXGI_STATUS_OCCLUDED': macro redefinition
  (compiling source file 'ui_views.cpp')
      C:\Program Files (x86)\Windows Kits\10\Include\10.0.26100.0\shared\winerror.h(59255,9):
      see previous definition of 'DXGI_STATUS_OCCLUDED'
  
C:\Users\Humbe\OneDrive\Desktop\folder\libs\sdk\Include\dxgitype.h(13,9): warning C4005: 'DXGI_STATUS_CLIPPED': macro redefinition
  (compiling source file 'ui_views.cpp')
      C:\Program Files (x86)\Windows Kits\10\Include\10.0.26100.0\shared\winerror.h(59264,9):
      see previous definition of 'DXGI_STATUS_CLIPPED'
  
C:\Users\Humbe\OneDrive\Desktop\folder\libs\sdk\Include\dxgitype.h(14,9): warning C4005: 'DXGI_STATUS_NO_REDIRECTION': macro redefinition
  (compiling source file 'ui_views.cpp')
      C:\Program Files (x86)\Windows Kits\10\Include\10.0.26100.0\shared\winerror.h(59273,9):
      see previous definition of 'DXGI_STATUS_NO_REDIRECTION'
  
C:\Users\Humbe\OneDrive\Desktop\folder\libs\sdk\Include\dxgitype.h(15,9): warning C4005: 'DXGI_STATUS_NO_DESKTOP_ACCESS': macro redefinition
  (compiling source file 'ui_views.cpp')
      C:\Program Files (x86)\Windows Kits\10\Include\10.0.26100.0\shared\winerror.h(59282,9):
      see previous definition of 'DXGI_STATUS_NO_DESKTOP_ACCESS'
  
C:\Users\Humbe\OneDrive\Desktop\folder\libs\sdk\Include\dxgitype.h(16,9): warning C4005: 'DXGI_STATUS_GRAPHICS_VIDPN_SOURCE_IN_USE': macro redefinition
  (compiling source file 'ui_views.cpp')
      C:\Program Files (x86)\Windows Kits\10\Include\10.0.26100.0\shared\winerror.h(59291,9):
      see previous definition of 'DXGI_STATUS_GRAPHICS_VIDPN_SOURCE_IN_USE'
  
C:\Users\Humbe\OneDrive\Desktop\folder\libs\sdk\Include\dxgitype.h(17,9): warning C4005: 'DXGI_STATUS_MODE_CHANGED': macro redefinition
  (compiling source file 'ui_views.cpp')
      C:\Program Files (x86)\Windows Kits\10\Include\10.0.26100.0\shared\winerror.h(59300,9):
      see previous definition of 'DXGI_STATUS_MODE_CHANGED'
  
C:\Users\Humbe\OneDrive\Desktop\folder\libs\sdk\Include\dxgitype.h(18,9): warning C4005: 'DXGI_STATUS_MODE_CHANGE_IN_PROGRESS': macro redefinition
  (compiling source file 'ui_views.cpp')
      C:\Program Files (x86)\Windows Kits\10\Include\10.0.26100.0\shared\winerror.h(59309,9):
      see previous definition of 'DXGI_STATUS_MODE_CHANGE_IN_PROGRESS'
  
C:\Users\Humbe\OneDrive\Desktop\folder\libs\sdk\Include\dxgitype.h(21,9): warning C4005: 'DXGI_ERROR_INVALID_CALL': macro redefinition
  (compiling source file 'ui_views.cpp')
      C:\Program Files (x86)\Windows Kits\10\Include\10.0.26100.0\shared\winerror.h(59324,9):
      see previous definition of 'DXGI_ERROR_INVALID_CALL'
  
C:\Users\Humbe\OneDrive\Desktop\folder\libs\sdk\Include\dxgitype.h(22,9): warning C4005: 'DXGI_ERROR_NOT_FOUND': macro redefinition
  (compiling source file 'ui_views.cpp')
      C:\Program Files (x86)\Windows Kits\10\Include\10.0.26100.0\shared\winerror.h(59333,9):
      see previous definition of 'DXGI_ERROR_NOT_FOUND'
  
C:\Users\Humbe\OneDrive\Desktop\folder\libs\sdk\Include\dxgitype.h(23,9): warning C4005: 'DXGI_ERROR_MORE_DATA': macro redefinition
  (compiling source file 'ui_views.cpp')
      C:\Program Files (x86)\Windows Kits\10\Include\10.0.26100.0\shared\winerror.h(59342,9):
      see previous definition of 'DXGI_ERROR_MORE_DATA'
  
C:\Users\Humbe\OneDrive\Desktop\folder\libs\sdk\Include\dxgitype.h(24,9): warning C4005: 'DXGI_ERROR_UNSUPPORTED': macro redefinition
  (compiling source file 'ui_views.cpp')
      C:\Program Files (x86)\Windows Kits\10\Include\10.0.26100.0\shared\winerror.h(59351,9):
      see previous definition of 'DXGI_ERROR_UNSUPPORTED'
  
C:\Users\Humbe\OneDrive\Desktop\folder\libs\sdk\Include\dxgitype.h(25,9): warning C4005: 'DXGI_ERROR_DEVICE_REMOVED': macro redefinition
  (compiling source file 'ui_views.cpp')
      C:\Program Files (x86)\Windows Kits\10\Include\10.0.26100.0\shared\winerror.h(59360,9):
      see previous definition of 'DXGI_ERROR_DEVICE_REMOVED'
  
C:\Users\Humbe\OneDrive\Desktop\folder\libs\sdk\Include\dxgitype.h(26,9): warning C4005: 'DXGI_ERROR_DEVICE_HUNG': macro redefinition
  (compiling source file 'ui_views.cpp')
      C:\Program Files (x86)\Windows Kits\10\Include\10.0.26100.0\shared\winerror.h(59369,9):
      see previous definition of 'DXGI_ERROR_DEVICE_HUNG'
  
C:\Users\Humbe\OneDrive\Desktop\folder\libs\sdk\Include\dxgitype.h(27,9): warning C4005: 'DXGI_ERROR_DEVICE_RESET': macro redefinition
  (compiling source file 'ui_views.cpp')
      C:\Program Files (x86)\Windows Kits\10\Include\10.0.26100.0\shared\winerror.h(59379,9):
      see previous definition of 'DXGI_ERROR_DEVICE_RESET'
  
C:\Users\Humbe\OneDrive\Desktop\folder\libs\sdk\Include\dxgitype.h(28,9): warning C4005: 'DXGI_ERROR_WAS_STILL_DRAWING': macro redefinition
  (compiling source file 'ui_views.cpp')
      C:\Program Files (x86)\Windows Kits\10\Include\10.0.26100.0\shared\winerror.h(59388,9):
      see previous definition of 'DXGI_ERROR_WAS_STILL_DRAWING'
  
C:\Users\Humbe\OneDrive\Desktop\folder\libs\sdk\Include\dxgitype.h(29,9): warning C4005: 'DXGI_ERROR_FRAME_STATISTICS_DISJOINT': macro redefinition
  (compiling source file 'ui_views.cpp')
      C:\Program Files (x86)\Windows Kits\10\Include\10.0.26100.0\shared\winerror.h(59398,9):
      see previous definition of 'DXGI_ERROR_FRAME_STATISTICS_DISJOINT'
  
C:\Users\Humbe\OneDrive\Desktop\folder\libs\sdk\Include\dxgitype.h(30,9): warning C4005: 'DXGI_ERROR_GRAPHICS_VIDPN_SOURCE_IN_USE': macro redefinition
  (compiling source file 'ui_views.cpp')
      C:\Program Files (x86)\Windows Kits\10\Include\10.0.26100.0\shared\winerror.h(59407,9):
      see previous definition of 'DXGI_ERROR_GRAPHICS_VIDPN_SOURCE_IN_USE'
  
C:\Users\Humbe\OneDrive\Desktop\folder\libs\sdk\Include\dxgitype.h(31,9): warning C4005: 'DXGI_ERROR_DRIVER_INTERNAL_ERROR': macro redefinition
  (compiling source file 'ui_views.cpp')
      C:\Program Files (x86)\Windows Kits\10\Include\10.0.26100.0\shared\winerror.h(59417,9):
      see previous definition of 'DXGI_ERROR_DRIVER_INTERNAL_ERROR'
  
C:\Users\Humbe\OneDrive\Desktop\folder\libs\sdk\Include\dxgitype.h(32,9): warning C4005: 'DXGI_ERROR_NONEXCLUSIVE': macro redefinition
  (compiling source file 'ui_views.cpp')
      C:\Program Files (x86)\Windows Kits\10\Include\10.0.26100.0\shared\winerror.h(59426,9):
      see previous definition of 'DXGI_ERROR_NONEXCLUSIVE'
  
C:\Users\Humbe\OneDrive\Desktop\folder\libs\sdk\Include\dxgitype.h(33,9): warning C4005: 'DXGI_ERROR_NOT_CURRENTLY_AVAILABLE': macro redefinition
  (compiling source file 'ui_views.cpp')
      C:\Program Files (x86)\Windows Kits\10\Include\10.0.26100.0\shared\winerror.h(59435,9):
      see previous definition of 'DXGI_ERROR_NOT_CURRENTLY_AVAILABLE'
  
C:\Users\Humbe\OneDrive\Desktop\folder\libs\sdk\Include\dxgitype.h(34,9): warning C4005: 'DXGI_ERROR_REMOTE_CLIENT_DISCONNECTED': macro redefinition
  (compiling source file 'ui_views.cpp')
      C:\Program Files (x86)\Windows Kits\10\Include\10.0.26100.0\shared\winerror.h(59445,9):
      see previous definition of 'DXGI_ERROR_REMOTE_CLIENT_DISCONNECTED'
  
C:\Users\Humbe\OneDrive\Desktop\folder\libs\sdk\Include\dxgitype.h(35,9): warning C4005: 'DXGI_ERROR_REMOTE_OUTOFMEMORY': macro redefinition
  (compiling source file 'ui_views.cpp')
      C:\Program Files (x86)\Windows Kits\10\Include\10.0.26100.0\shared\winerror.h(59454,9):
      see previous definition of 'DXGI_ERROR_REMOTE_OUTOFMEMORY'
  
C:\Users\Humbe\OneDrive\Desktop\folder\libs\sdk\Include\d3d11.h(917,9): warning C4005: 'D3D11_ERROR_TOO_MANY_UNIQUE_STATE_OBJECTS': macro redefinition
  (compiling source file 'ui_views.cpp')
      C:\Program Files (x86)\Windows Kits\10\Include\10.0.26100.0\shared\winerror.h(59769,9):
      see previous definition of 'D3D11_ERROR_TOO_MANY_UNIQUE_STATE_OBJECTS'
  
C:\Users\Humbe\OneDrive\Desktop\folder\libs\sdk\Include\d3d11.h(918,9): warning C4005: 'D3D11_ERROR_FILE_NOT_FOUND': macro redefinition
  (compiling source file 'ui_views.cpp')
      C:\Program Files (x86)\Windows Kits\10\Include\10.0.26100.0\shared\winerror.h(59778,9):
      see previous definition of 'D3D11_ERROR_FILE_NOT_FOUND'
  
C:\Users\Humbe\OneDrive\Desktop\folder\libs\sdk\Include\d3d11.h(919,9): warning C4005: 'D3D11_ERROR_TOO_MANY_UNIQUE_VIEW_OBJECTS': macro redefinition
  (compiling source file 'ui_views.cpp')
      C:\Program Files (x86)\Windows Kits\10\Include\10.0.26100.0\shared\winerror.h(59788,9):
      see previous definition of 'D3D11_ERROR_TOO_MANY_UNIQUE_VIEW_OBJECTS'
  
C:\Users\Humbe\OneDrive\Desktop\folder\libs\sdk\Include\d3d11.h(920,9): warning C4005: 'D3D11_ERROR_DEFERRED_CONTEXT_MAP_WITHOUT_INITIAL_DISCARD': macro redefinition
  (compiling source file 'ui_views.cpp')
      C:\Program Files (x86)\Windows Kits\10\Include\10.0.26100.0\shared\winerror.h(59797,9):
      see previous definition of 'D3D11_ERROR_DEFERRED_CONTEXT_MAP_WITHOUT_INITIAL_DISCARD'
  
C:\Users\Humbe\OneDrive\Desktop\folder\libs\sdk\Include\d3d10.h(608,9): warning C4005: 'D3D10_ERROR_TOO_MANY_UNIQUE_STATE_OBJECTS': macro redefinition
  (compiling source file 'ui_views.cpp')
      C:\Program Files (x86)\Windows Kits\10\Include\10.0.26100.0\shared\winerror.h(59745,9):
      see previous definition of 'D3D10_ERROR_TOO_MANY_UNIQUE_STATE_OBJECTS'
  
C:\Users\Humbe\OneDrive\Desktop\folder\libs\sdk\Include\d3d10.h(609,9): warning C4005: 'D3D10_ERROR_FILE_NOT_FOUND': macro redefinition
  (compiling source file 'ui_views.cpp')
      C:\Program Files (x86)\Windows Kits\10\Include\10.0.26100.0\shared\winerror.h(59754,9):
      see previous definition of 'D3D10_ERROR_FILE_NOT_FOUND'
  
  ui_views_table.cpp
C:\Users\Humbe\OneDrive\Desktop\folder\libs\sdk\Include\dxgitype.h(12,9): warning C4005: 'DXGI_STATUS_OCCLUDED': macro redefinition
  (compiling source file 'ui_views_table.cpp')
      C:\Program Files (x86)\Windows Kits\10\Include\10.0.26100.0\shared\winerror.h(59255,9):
      see previous definition of 'DXGI_STATUS_OCCLUDED'
  
C:\Users\Humbe\OneDrive\Desktop\folder\libs\sdk\Include\dxgitype.h(13,9): warning C4005: 'DXGI_STATUS_CLIPPED': macro redefinition
  (compiling source file 'ui_views_table.cpp')
      C:\Program Files (x86)\Windows Kits\10\Include\10.0.26100.0\shared\winerror.h(59264,9):
      see previous definition of 'DXGI_STATUS_CLIPPED'
  
C:\Users\Humbe\OneDrive\Desktop\folder\libs\sdk\Include\dxgitype.h(14,9): warning C4005: 'DXGI_STATUS_NO_REDIRECTION': macro redefinition
  (compiling source file 'ui_views_table.cpp')
      C:\Program Files (x86)\Windows Kits\10\Include\10.0.26100.0\shared\winerror.h(59273,9):
      see previous definition of 'DXGI_STATUS_NO_REDIRECTION'
  
C:\Users\Humbe\OneDrive\Desktop\folder\libs\sdk\Include\dxgitype.h(15,9): warning C4005: 'DXGI_STATUS_NO_DESKTOP_ACCESS': macro redefinition
  (compiling source file 'ui_views_table.cpp')
      C:\Program Files (x86)\Windows Kits\10\Include\10.0.26100.0\shared\winerror.h(59282,9):
      see previous definition of 'DXGI_STATUS_NO_DESKTOP_ACCESS'
  
C:\Users\Humbe\OneDrive\Desktop\folder\libs\sdk\Include\dxgitype.h(16,9): warning C4005: 'DXGI_STATUS_GRAPHICS_VIDPN_SOURCE_IN_USE': macro redefinition
  (compiling source file 'ui_views_table.cpp')
      C:\Program Files (x86)\Windows Kits\10\Include\10.0.26100.0\shared\winerror.h(59291,9):
      see previous definition of 'DXGI_STATUS_GRAPHICS_VIDPN_SOURCE_IN_USE'
  
C:\Users\Humbe\OneDrive\Desktop\folder\libs\sdk\Include\dxgitype.h(17,9): warning C4005: 'DXGI_STATUS_MODE_CHANGED': macro redefinition
  (compiling source file 'ui_views_table.cpp')
      C:\Program Files (x86)\Windows Kits\10\Include\10.0.26100.0\shared\winerror.h(59300,9):
      see previous definition of 'DXGI_STATUS_MODE_CHANGED'
  
C:\Users\Humbe\OneDrive\Desktop\folder\libs\sdk\Include\dxgitype.h(18,9): warning C4005: 'DXGI_STATUS_MODE_CHANGE_IN_PROGRESS': macro redefinition
  (compiling source file 'ui_views_table.cpp')
      C:\Program Files (x86)\Windows Kits\10\Include\10.0.26100.0\shared\winerror.h(59309,9):
      see previous definition of 'DXGI_STATUS_MODE_CHANGE_IN_PROGRESS'
  
C:\Users\Humbe\OneDrive\Desktop\folder\libs\sdk\Include\dxgitype.h(21,9): warning C4005: 'DXGI_ERROR_INVALID_CALL': macro redefinition
  (compiling source file 'ui_views_table.cpp')
      C:\Program Files (x86)\Windows Kits\10\Include\10.0.26100.0\shared\winerror.h(59324,9):
      see previous definition of 'DXGI_ERROR_INVALID_CALL'
  
C:\Users\Humbe\OneDrive\Desktop\folder\libs\sdk\Include\dxgitype.h(22,9): warning C4005: 'DXGI_ERROR_NOT_FOUND': macro redefinition
  (compiling source file 'ui_views_table.cpp')
      C:\Program Files (x86)\Windows Kits\10\Include\10.0.26100.0\shared\winerror.h(59333,9):
      see previous definition of 'DXGI_ERROR_NOT_FOUND'
  
C:\Users\Humbe\OneDrive\Desktop\folder\libs\sdk\Include\dxgitype.h(23,9): warning C4005: 'DXGI_ERROR_MORE_DATA': macro redefinition
  (compiling source file 'ui_views_table.cpp')
      C:\Program Files (x86)\Windows Kits\10\Include\10.0.26100.0\shared\winerror.h(59342,9):
      see previous definition of 'DXGI_ERROR_MORE_DATA'
  
C:\Users\Humbe\OneDrive\Desktop\folder\libs\sdk\Include\dxgitype.h(24,9): warning C4005: 'DXGI_ERROR_UNSUPPORTED': macro redefinition
  (compiling source file 'ui_views_table.cpp')
      C:\Program Files (x86)\Windows Kits\10\Include\10.0.26100.0\shared\winerror.h(59351,9):
      see previous definition of 'DXGI_ERROR_UNSUPPORTED'
  
C:\Users\Humbe\OneDrive\Desktop\folder\libs\sdk\Include\dxgitype.h(25,9): warning C4005: 'DXGI_ERROR_DEVICE_REMOVED': macro redefinition
  (compiling source file 'ui_views_table.cpp')
      C:\Program Files (x86)\Windows Kits\10\Include\10.0.26100.0\shared\winerror.h(59360,9):
      see previous definition of 'DXGI_ERROR_DEVICE_REMOVED'
  
C:\Users\Humbe\OneDrive\Desktop\folder\libs\sdk\Include\dxgitype.h(26,9): warning C4005: 'DXGI_ERROR_DEVICE_HUNG': macro redefinition
  (compiling source file 'ui_views_table.cpp')
      C:\Program Files (x86)\Windows Kits\10\Include\10.0.26100.0\shared\winerror.h(59369,9):
      see previous definition of 'DXGI_ERROR_DEVICE_HUNG'
  
C:\Users\Humbe\OneDrive\Desktop\folder\libs\sdk\Include\dxgitype.h(27,9): warning C4005: 'DXGI_ERROR_DEVICE_RESET': macro redefinition
  (compiling source file 'ui_views_table.cpp')
      C:\Program Files (x86)\Windows Kits\10\Include\10.0.26100.0\shared\winerror.h(59379,9):
      see previous definition of 'DXGI_ERROR_DEVICE_RESET'
  
C:\Users\Humbe\OneDrive\Desktop\folder\libs\sdk\Include\dxgitype.h(28,9): warning C4005: 'DXGI_ERROR_WAS_STILL_DRAWING': macro redefinition
  (compiling source file 'ui_views_table.cpp')
      C:\Program Files (x86)\Windows Kits\10\Include\10.0.26100.0\shared\winerror.h(59388,9):
      see previous definition of 'DXGI_ERROR_WAS_STILL_DRAWING'
  
C:\Users\Humbe\OneDrive\Desktop\folder\libs\sdk\Include\dxgitype.h(29,9): warning C4005: 'DXGI_ERROR_FRAME_STATISTICS_DISJOINT': macro redefinition
  (compiling source file 'ui_views_table.cpp')
      C:\Program Files (x86)\Windows Kits\10\Include\10.0.26100.0\shared\winerror.h(59398,9):
      see previous definition of 'DXGI_ERROR_FRAME_STATISTICS_DISJOINT'
  
C:\Users\Humbe\OneDrive\Desktop\folder\libs\sdk\Include\dxgitype.h(30,9): warning C4005: 'DXGI_ERROR_GRAPHICS_VIDPN_SOURCE_IN_USE': macro redefinition
  (compiling source file 'ui_views_table.cpp')
      C:\Program Files (x86)\Windows Kits\10\Include\10.0.26100.0\shared\winerror.h(59407,9):
      see previous definition of 'DXGI_ERROR_GRAPHICS_VIDPN_SOURCE_IN_USE'
  
C:\Users\Humbe\OneDrive\Desktop\folder\libs\sdk\Include\dxgitype.h(31,9): warning C4005: 'DXGI_ERROR_DRIVER_INTERNAL_ERROR': macro redefinition
  (compiling source file 'ui_views_table.cpp')
      C:\Program Files (x86)\Windows Kits\10\Include\10.0.26100.0\shared\winerror.h(59417,9):
      see previous definition of 'DXGI_ERROR_DRIVER_INTERNAL_ERROR'
  
C:\Users\Humbe\OneDrive\Desktop\folder\libs\sdk\Include\dxgitype.h(32,9): warning C4005: 'DXGI_ERROR_NONEXCLUSIVE': macro redefinition
  (compiling source file 'ui_views_table.cpp')
      C:\Program Files (x86)\Windows Kits\10\Include\10.0.26100.0\shared\winerror.h(59426,9):
      see previous definition of 'DXGI_ERROR_NONEXCLUSIVE'
  
C:\Users\Humbe\OneDrive\Desktop\folder\libs\sdk\Include\dxgitype.h(33,9): warning C4005: 'DXGI_ERROR_NOT_CURRENTLY_AVAILABLE': macro redefinition
  (compiling source file 'ui_views_table.cpp')
      C:\Program Files (x86)\Windows Kits\10\Include\10.0.26100.0\shared\winerror.h(59435,9):
      see previous definition of 'DXGI_ERROR_NOT_CURRENTLY_AVAILABLE'
  
C:\Users\Humbe\OneDrive\Desktop\folder\libs\sdk\Include\dxgitype.h(34,9): warning C4005: 'DXGI_ERROR_REMOTE_CLIENT_DISCONNECTED': macro redefinition
  (compiling source file 'ui_views_table.cpp')
      C:\Program Files (x86)\Windows Kits\10\Include\10.0.26100.0\shared\winerror.h(59445,9):
      see previous definition of 'DXGI_ERROR_REMOTE_CLIENT_DISCONNECTED'
  
C:\Users\Humbe\OneDrive\Desktop\folder\libs\sdk\Include\dxgitype.h(35,9): warning C4005: 'DXGI_ERROR_REMOTE_OUTOFMEMORY': macro redefinition
  (compiling source file 'ui_views_table.cpp')
      C:\Program Files (x86)\Windows Kits\10\Include\10.0.26100.0\shared\winerror.h(59454,9):
      see previous definition of 'DXGI_ERROR_REMOTE_OUTOFMEMORY'
  
C:\Users\Humbe\OneDrive\Desktop\folder\libs\sdk\Include\d3d11.h(917,9): warning C4005: 'D3D11_ERROR_TOO_MANY_UNIQUE_STATE_OBJECTS': macro redefinition
  (compiling source file 'ui_views_table.cpp')
      C:\Program Files (x86)\Windows Kits\10\Include\10.0.26100.0\shared\winerror.h(59769,9):
      see previous definition of 'D3D11_ERROR_TOO_MANY_UNIQUE_STATE_OBJECTS'
  
C:\Users\Humbe\OneDrive\Desktop\folder\libs\sdk\Include\d3d11.h(918,9): warning C4005: 'D3D11_ERROR_FILE_NOT_FOUND': macro redefinition
  (compiling source file 'ui_views_table.cpp')
      C:\Program Files (x86)\Windows Kits\10\Include\10.0.26100.0\shared\winerror.h(59778,9):
      see previous definition of 'D3D11_ERROR_FILE_NOT_FOUND'
  
C:\Users\Humbe\OneDrive\Desktop\folder\libs\sdk\Include\d3d11.h(919,9): warning C4005: 'D3D11_ERROR_TOO_MANY_UNIQUE_VIEW_OBJECTS': macro redefinition
  (compiling source file 'ui_views_table.cpp')
      C:\Program Files (x86)\Windows Kits\10\Include\10.0.26100.0\shared\winerror.h(59788,9):
      see previous definition of 'D3D11_ERROR_TOO_MANY_UNIQUE_VIEW_OBJECTS'
  
C:\Users\Humbe\OneDrive\Desktop\folder\libs\sdk\Include\d3d11.h(920,9): warning C4005: 'D3D11_ERROR_DEFERRED_CONTEXT_MAP_WITHOUT_INITIAL_DISCARD': macro redefinition
  (compiling source file 'ui_views_table.cpp')
      C:\Program Files (x86)\Windows Kits\10\Include\10.0.26100.0\shared\winerror.h(59797,9):
      see previous definition of 'D3D11_ERROR_DEFERRED_CONTEXT_MAP_WITHOUT_INITIAL_DISCARD'
  
C:\Users\Humbe\OneDrive\Desktop\folder\libs\sdk\Include\d3d10.h(608,9): warning C4005: 'D3D10_ERROR_TOO_MANY_UNIQUE_STATE_OBJECTS': macro redefinition
  (compiling source file 'ui_views_table.cpp')
      C:\Program Files (x86)\Windows Kits\10\Include\10.0.26100.0\shared\winerror.h(59745,9):
      see previous definition of 'D3D10_ERROR_TOO_MANY_UNIQUE_STATE_OBJECTS'
  
C:\Users\Humbe\OneDrive\Desktop\folder\libs\sdk\Include\d3d10.h(609,9): warning C4005: 'D3D10_ERROR_FILE_NOT_FOUND': macro redefinition
  (compiling source file 'ui_views_table.cpp')
      C:\Program Files (x86)\Windows Kits\10\Include\10.0.26100.0\shared\winerror.h(59754,9):
      see previous definition of 'D3D10_ERROR_FILE_NOT_FOUND'
  
  Compiling...
  ui_views_threepane.cpp
C:\Users\Humbe\OneDrive\Desktop\folder\libs\sdk\Include\dxgitype.h(12,9): warning C4005: 'DXGI_STATUS_OCCLUDED': macro redefinition
  (compiling source file 'ui_views_threepane.cpp')
      C:\Program Files (x86)\Windows Kits\10\Include\10.0.26100.0\shared\winerror.h(59255,9):
      see previous definition of 'DXGI_STATUS_OCCLUDED'
  
C:\Users\Humbe\OneDrive\Desktop\folder\libs\sdk\Include\dxgitype.h(13,9): warning C4005: 'DXGI_STATUS_CLIPPED': macro redefinition
  (compiling source file 'ui_views_threepane.cpp')
      C:\Program Files (x86)\Windows Kits\10\Include\10.0.26100.0\shared\winerror.h(59264,9):
      see previous definition of 'DXGI_STATUS_CLIPPED'
  
C:\Users\Humbe\OneDrive\Desktop\folder\libs\sdk\Include\dxgitype.h(14,9): warning C4005: 'DXGI_STATUS_NO_REDIRECTION': macro redefinition
  (compiling source file 'ui_views_threepane.cpp')
      C:\Program Files (x86)\Windows Kits\10\Include\10.0.26100.0\shared\winerror.h(59273,9):
      see previous definition of 'DXGI_STATUS_NO_REDIRECTION'
  
C:\Users\Humbe\OneDrive\Desktop\folder\libs\sdk\Include\dxgitype.h(15,9): warning C4005: 'DXGI_STATUS_NO_DESKTOP_ACCESS': macro redefinition
  (compiling source file 'ui_views_threepane.cpp')
      C:\Program Files (x86)\Windows Kits\10\Include\10.0.26100.0\shared\winerror.h(59282,9):
      see previous definition of 'DXGI_STATUS_NO_DESKTOP_ACCESS'
  
C:\Users\Humbe\OneDrive\Desktop\folder\libs\sdk\Include\dxgitype.h(16,9): warning C4005: 'DXGI_STATUS_GRAPHICS_VIDPN_SOURCE_IN_USE': macro redefinition
  (compiling source file 'ui_views_threepane.cpp')
      C:\Program Files (x86)\Windows Kits\10\Include\10.0.26100.0\shared\winerror.h(59291,9):
      see previous definition of 'DXGI_STATUS_GRAPHICS_VIDPN_SOURCE_IN_USE'
  
C:\Users\Humbe\OneDrive\Desktop\folder\libs\sdk\Include\dxgitype.h(17,9): warning C4005: 'DXGI_STATUS_MODE_CHANGED': macro redefinition
  (compiling source file 'ui_views_threepane.cpp')
      C:\Program Files (x86)\Windows Kits\10\Include\10.0.26100.0\shared\winerror.h(59300,9):
      see previous definition of 'DXGI_STATUS_MODE_CHANGED'
  
C:\Users\Humbe\OneDrive\Desktop\folder\libs\sdk\Include\dxgitype.h(18,9): warning C4005: 'DXGI_STATUS_MODE_CHANGE_IN_PROGRESS': macro redefinition
  (compiling source file 'ui_views_threepane.cpp')
      C:\Program Files (x86)\Windows Kits\10\Include\10.0.26100.0\shared\winerror.h(59309,9):
      see previous definition of 'DXGI_STATUS_MODE_CHANGE_IN_PROGRESS'
  
C:\Users\Humbe\OneDrive\Desktop\folder\libs\sdk\Include\dxgitype.h(21,9): warning C4005: 'DXGI_ERROR_INVALID_CALL': macro redefinition
  (compiling source file 'ui_views_threepane.cpp')
      C:\Program Files (x86)\Windows Kits\10\Include\10.0.26100.0\shared\winerror.h(59324,9):
      see previous definition of 'DXGI_ERROR_INVALID_CALL'
  
C:\Users\Humbe\OneDrive\Desktop\folder\libs\sdk\Include\dxgitype.h(22,9): warning C4005: 'DXGI_ERROR_NOT_FOUND': macro redefinition
  (compiling source file 'ui_views_threepane.cpp')
      C:\Program Files (x86)\Windows Kits\10\Include\10.0.26100.0\shared\winerror.h(59333,9):
      see previous definition of 'DXGI_ERROR_NOT_FOUND'
  
C:\Users\Humbe\OneDrive\Desktop\folder\libs\sdk\Include\dxgitype.h(23,9): warning C4005: 'DXGI_ERROR_MORE_DATA': macro redefinition
  (compiling source file 'ui_views_threepane.cpp')
      C:\Program Files (x86)\Windows Kits\10\Include\10.0.26100.0\shared\winerror.h(59342,9):
      see previous definition of 'DXGI_ERROR_MORE_DATA'
  
C:\Users\Humbe\OneDrive\Desktop\folder\libs\sdk\Include\dxgitype.h(24,9): warning C4005: 'DXGI_ERROR_UNSUPPORTED': macro redefinition
  (compiling source file 'ui_views_threepane.cpp')
      C:\Program Files (x86)\Windows Kits\10\Include\10.0.26100.0\shared\winerror.h(59351,9):
      see previous definition of 'DXGI_ERROR_UNSUPPORTED'
  
C:\Users\Humbe\OneDrive\Desktop\folder\libs\sdk\Include\dxgitype.h(25,9): warning C4005: 'DXGI_ERROR_DEVICE_REMOVED': macro redefinition
  (compiling source file 'ui_views_threepane.cpp')
      C:\Program Files (x86)\Windows Kits\10\Include\10.0.26100.0\shared\winerror.h(59360,9):
      see previous definition of 'DXGI_ERROR_DEVICE_REMOVED'
  
C:\Users\Humbe\OneDrive\Desktop\folder\libs\sdk\Include\dxgitype.h(26,9): warning C4005: 'DXGI_ERROR_DEVICE_HUNG': macro redefinition
  (compiling source file 'ui_views_threepane.cpp')
      C:\Program Files (x86)\Windows Kits\10\Include\10.0.26100.0\shared\winerror.h(59369,9):
      see previous definition of 'DXGI_ERROR_DEVICE_HUNG'
  
C:\Users\Humbe\OneDrive\Desktop\folder\libs\sdk\Include\dxgitype.h(27,9): warning C4005: 'DXGI_ERROR_DEVICE_RESET': macro redefinition
  (compiling source file 'ui_views_threepane.cpp')
      C:\Program Files (x86)\Windows Kits\10\Include\10.0.26100.0\shared\winerror.h(59379,9):
      see previous definition of 'DXGI_ERROR_DEVICE_RESET'
  
C:\Users\Humbe\OneDrive\Desktop\folder\libs\sdk\Include\dxgitype.h(28,9): warning C4005: 'DXGI_ERROR_WAS_STILL_DRAWING': macro redefinition
  (compiling source file 'ui_views_threepane.cpp')
      C:\Program Files (x86)\Windows Kits\10\Include\10.0.26100.0\shared\winerror.h(59388,9):
      see previous definition of 'DXGI_ERROR_WAS_STILL_DRAWING'
  
C:\Users\Humbe\OneDrive\Desktop\folder\libs\sdk\Include\dxgitype.h(29,9): warning C4005: 'DXGI_ERROR_FRAME_STATISTICS_DISJOINT': macro redefinition
  (compiling source file 'ui_views_threepane.cpp')
      C:\Program Files (x86)\Windows Kits\10\Include\10.0.26100.0\shared\winerror.h(59398,9):
      see previous definition of 'DXGI_ERROR_FRAME_STATISTICS_DISJOINT'
  
C:\Users\Humbe\OneDrive\Desktop\folder\libs\sdk\Include\dxgitype.h(30,9): warning C4005: 'DXGI_ERROR_GRAPHICS_VIDPN_SOURCE_IN_USE': macro redefinition
  (compiling source file 'ui_views_threepane.cpp')
      C:\Program Files (x86)\Windows Kits\10\Include\10.0.26100.0\shared\winerror.h(59407,9):
      see previous definition of 'DXGI_ERROR_GRAPHICS_VIDPN_SOURCE_IN_USE'
  
C:\Users\Humbe\OneDrive\Desktop\folder\libs\sdk\Include\dxgitype.h(31,9): warning C4005: 'DXGI_ERROR_DRIVER_INTERNAL_ERROR': macro redefinition
  (compiling source file 'ui_views_threepane.cpp')
      C:\Program Files (x86)\Windows Kits\10\Include\10.0.26100.0\shared\winerror.h(59417,9):
      see previous definition of 'DXGI_ERROR_DRIVER_INTERNAL_ERROR'
  
C:\Users\Humbe\OneDrive\Desktop\folder\libs\sdk\Include\dxgitype.h(32,9): warning C4005: 'DXGI_ERROR_NONEXCLUSIVE': macro redefinition
  (compiling source file 'ui_views_threepane.cpp')
      C:\Program Files (x86)\Windows Kits\10\Include\10.0.26100.0\shared\winerror.h(59426,9):
      see previous definition of 'DXGI_ERROR_NONEXCLUSIVE'
  
C:\Users\Humbe\OneDrive\Desktop\folder\libs\sdk\Include\dxgitype.h(33,9): warning C4005: 'DXGI_ERROR_NOT_CURRENTLY_AVAILABLE': macro redefinition
  (compiling source file 'ui_views_threepane.cpp')
      C:\Program Files (x86)\Windows Kits\10\Include\10.0.26100.0\shared\winerror.h(59435,9):
      see previous definition of 'DXGI_ERROR_NOT_CURRENTLY_AVAILABLE'
  
C:\Users\Humbe\OneDrive\Desktop\folder\libs\sdk\Include\dxgitype.h(34,9): warning C4005: 'DXGI_ERROR_REMOTE_CLIENT_DISCONNECTED': macro redefinition
  (compiling source file 'ui_views_threepane.cpp')
      C:\Program Files (x86)\Windows Kits\10\Include\10.0.26100.0\shared\winerror.h(59445,9):
      see previous definition of 'DXGI_ERROR_REMOTE_CLIENT_DISCONNECTED'
  
C:\Users\Humbe\OneDrive\Desktop\folder\libs\sdk\Include\dxgitype.h(35,9): warning C4005: 'DXGI_ERROR_REMOTE_OUTOFMEMORY': macro redefinition
  (compiling source file 'ui_views_threepane.cpp')
      C:\Program Files (x86)\Windows Kits\10\Include\10.0.26100.0\shared\winerror.h(59454,9):
      see previous definition of 'DXGI_ERROR_REMOTE_OUTOFMEMORY'
  
C:\Users\Humbe\OneDrive\Desktop\folder\libs\sdk\Include\d3d11.h(917,9): warning C4005: 'D3D11_ERROR_TOO_MANY_UNIQUE_STATE_OBJECTS': macro redefinition
  (compiling source file 'ui_views_threepane.cpp')
      C:\Program Files (x86)\Windows Kits\10\Include\10.0.26100.0\shared\winerror.h(59769,9):
      see previous definition of 'D3D11_ERROR_TOO_MANY_UNIQUE_STATE_OBJECTS'
  
C:\Users\Humbe\OneDrive\Desktop\folder\libs\sdk\Include\d3d11.h(918,9): warning C4005: 'D3D11_ERROR_FILE_NOT_FOUND': macro redefinition
  (compiling source file 'ui_views_threepane.cpp')
      C:\Program Files (x86)\Windows Kits\10\Include\10.0.26100.0\shared\winerror.h(59778,9):
      see previous definition of 'D3D11_ERROR_FILE_NOT_FOUND'
  
C:\Users\Humbe\OneDrive\Desktop\folder\libs\sdk\Include\d3d11.h(919,9): warning C4005: 'D3D11_ERROR_TOO_MANY_UNIQUE_VIEW_OBJECTS': macro redefinition
  (compiling source file 'ui_views_threepane.cpp')
      C:\Program Files (x86)\Windows Kits\10\Include\10.0.26100.0\shared\winerror.h(59788,9):
      see previous definition of 'D3D11_ERROR_TOO_MANY_UNIQUE_VIEW_OBJECTS'
  
C:\Users\Humbe\OneDrive\Desktop\folder\libs\sdk\Include\d3d11.h(920,9): warning C4005: 'D3D11_ERROR_DEFERRED_CONTEXT_MAP_WITHOUT_INITIAL_DISCARD': macro redefinition
  (compiling source file 'ui_views_threepane.cpp')
      C:\Program Files (x86)\Windows Kits\10\Include\10.0.26100.0\shared\winerror.h(59797,9):
      see previous definition of 'D3D11_ERROR_DEFERRED_CONTEXT_MAP_WITHOUT_INITIAL_DISCARD'
  
C:\Users\Humbe\OneDrive\Desktop\folder\libs\sdk\Include\d3d10.h(608,9): warning C4005: 'D3D10_ERROR_TOO_MANY_UNIQUE_STATE_OBJECTS': macro redefinition
  (compiling source file 'ui_views_threepane.cpp')
      C:\Program Files (x86)\Windows Kits\10\Include\10.0.26100.0\shared\winerror.h(59745,9):
      see previous definition of 'D3D10_ERROR_TOO_MANY_UNIQUE_STATE_OBJECTS'
  
C:\Users\Humbe\OneDrive\Desktop\folder\libs\sdk\Include\d3d10.h(609,9): warning C4005: 'D3D10_ERROR_FILE_NOT_FOUND': macro redefinition
  (compiling source file 'ui_views_threepane.cpp')
      C:\Program Files (x86)\Windows Kits\10\Include\10.0.26100.0\shared\winerror.h(59754,9):
      see previous definition of 'D3D10_ERROR_FILE_NOT_FOUND'
  
  ui_widgets.cpp
C:\Users\Humbe\OneDrive\Desktop\folder\libs\sdk\Include\dxgitype.h(12,9): warning C4005: 'DXGI_STATUS_OCCLUDED': macro redefinition
  (compiling source file 'ui_widgets.cpp')
      C:\Program Files (x86)\Windows Kits\10\Include\10.0.26100.0\shared\winerror.h(59255,9):
      see previous definition of 'DXGI_STATUS_OCCLUDED'
  
C:\Users\Humbe\OneDrive\Desktop\folder\libs\sdk\Include\dxgitype.h(13,9): warning C4005: 'DXGI_STATUS_CLIPPED': macro redefinition
  (compiling source file 'ui_widgets.cpp')
      C:\Program Files (x86)\Windows Kits\10\Include\10.0.26100.0\shared\winerror.h(59264,9):
      see previous definition of 'DXGI_STATUS_CLIPPED'
  
C:\Users\Humbe\OneDrive\Desktop\folder\libs\sdk\Include\dxgitype.h(14,9): warning C4005: 'DXGI_STATUS_NO_REDIRECTION': macro redefinition
  (compiling source file 'ui_widgets.cpp')
      C:\Program Files (x86)\Windows Kits\10\Include\10.0.26100.0\shared\winerror.h(59273,9):
      see previous definition of 'DXGI_STATUS_NO_REDIRECTION'
  
C:\Users\Humbe\OneDrive\Desktop\folder\libs\sdk\Include\dxgitype.h(15,9): warning C4005: 'DXGI_STATUS_NO_DESKTOP_ACCESS': macro redefinition
  (compiling source file 'ui_widgets.cpp')
      C:\Program Files (x86)\Windows Kits\10\Include\10.0.26100.0\shared\winerror.h(59282,9):
      see previous definition of 'DXGI_STATUS_NO_DESKTOP_ACCESS'
  
C:\Users\Humbe\OneDrive\Desktop\folder\libs\sdk\Include\dxgitype.h(16,9): warning C4005: 'DXGI_STATUS_GRAPHICS_VIDPN_SOURCE_IN_USE': macro redefinition
  (compiling source file 'ui_widgets.cpp')
      C:\Program Files (x86)\Windows Kits\10\Include\10.0.26100.0\shared\winerror.h(59291,9):
      see previous definition of 'DXGI_STATUS_GRAPHICS_VIDPN_SOURCE_IN_USE'
  
C:\Users\Humbe\OneDrive\Desktop\folder\libs\sdk\Include\dxgitype.h(17,9): warning C4005: 'DXGI_STATUS_MODE_CHANGED': macro redefinition
  (compiling source file 'ui_widgets.cpp')
      C:\Program Files (x86)\Windows Kits\10\Include\10.0.26100.0\shared\winerror.h(59300,9):
      see previous definition of 'DXGI_STATUS_MODE_CHANGED'
  
C:\Users\Humbe\OneDrive\Desktop\folder\libs\sdk\Include\dxgitype.h(18,9): warning C4005: 'DXGI_STATUS_MODE_CHANGE_IN_PROGRESS': macro redefinition
  (compiling source file 'ui_widgets.cpp')
      C:\Program Files (x86)\Windows Kits\10\Include\10.0.26100.0\shared\winerror.h(59309,9):
      see previous definition of 'DXGI_STATUS_MODE_CHANGE_IN_PROGRESS'
  
C:\Users\Humbe\OneDrive\Desktop\folder\libs\sdk\Include\dxgitype.h(21,9): warning C4005: 'DXGI_ERROR_INVALID_CALL': macro redefinition
  (compiling source file 'ui_widgets.cpp')
      C:\Program Files (x86)\Windows Kits\10\Include\10.0.26100.0\shared\winerror.h(59324,9):
      see previous definition of 'DXGI_ERROR_INVALID_CALL'
  
C:\Users\Humbe\OneDrive\Desktop\folder\libs\sdk\Include\dxgitype.h(22,9): warning C4005: 'DXGI_ERROR_NOT_FOUND': macro redefinition
  (compiling source file 'ui_widgets.cpp')
      C:\Program Files (x86)\Windows Kits\10\Include\10.0.26100.0\shared\winerror.h(59333,9):
      see previous definition of 'DXGI_ERROR_NOT_FOUND'
  
C:\Users\Humbe\OneDrive\Desktop\folder\libs\sdk\Include\dxgitype.h(23,9): warning C4005: 'DXGI_ERROR_MORE_DATA': macro redefinition
  (compiling source file 'ui_widgets.cpp')
      C:\Program Files (x86)\Windows Kits\10\Include\10.0.26100.0\shared\winerror.h(59342,9):
      see previous definition of 'DXGI_ERROR_MORE_DATA'
  
C:\Users\Humbe\OneDrive\Desktop\folder\libs\sdk\Include\dxgitype.h(24,9): warning C4005: 'DXGI_ERROR_UNSUPPORTED': macro redefinition
  (compiling source file 'ui_widgets.cpp')
      C:\Program Files (x86)\Windows Kits\10\Include\10.0.26100.0\shared\winerror.h(59351,9):
      see previous definition of 'DXGI_ERROR_UNSUPPORTED'
  
C:\Users\Humbe\OneDrive\Desktop\folder\libs\sdk\Include\dxgitype.h(25,9): warning C4005: 'DXGI_ERROR_DEVICE_REMOVED': macro redefinition
  (compiling source file 'ui_widgets.cpp')
      C:\Program Files (x86)\Windows Kits\10\Include\10.0.26100.0\shared\winerror.h(59360,9):
      see previous definition of 'DXGI_ERROR_DEVICE_REMOVED'
  
C:\Users\Humbe\OneDrive\Desktop\folder\libs\sdk\Include\dxgitype.h(26,9): warning C4005: 'DXGI_ERROR_DEVICE_HUNG': macro redefinition
  (compiling source file 'ui_widgets.cpp')
      C:\Program Files (x86)\Windows Kits\10\Include\10.0.26100.0\shared\winerror.h(59369,9):
      see previous definition of 'DXGI_ERROR_DEVICE_HUNG'
  
C:\Users\Humbe\OneDrive\Desktop\folder\libs\sdk\Include\dxgitype.h(27,9): warning C4005: 'DXGI_ERROR_DEVICE_RESET': macro redefinition
  (compiling source file 'ui_widgets.cpp')
      C:\Program Files (x86)\Windows Kits\10\Include\10.0.26100.0\shared\winerror.h(59379,9):
      see previous definition of 'DXGI_ERROR_DEVICE_RESET'
  
C:\Users\Humbe\OneDrive\Desktop\folder\libs\sdk\Include\dxgitype.h(28,9): warning C4005: 'DXGI_ERROR_WAS_STILL_DRAWING': macro redefinition
  (compiling source file 'ui_widgets.cpp')
      C:\Program Files (x86)\Windows Kits\10\Include\10.0.26100.0\shared\winerror.h(59388,9):
      see previous definition of 'DXGI_ERROR_WAS_STILL_DRAWING'
  
C:\Users\Humbe\OneDrive\Desktop\folder\libs\sdk\Include\dxgitype.h(29,9): warning C4005: 'DXGI_ERROR_FRAME_STATISTICS_DISJOINT': macro redefinition
  (compiling source file 'ui_widgets.cpp')
      C:\Program Files (x86)\Windows Kits\10\Include\10.0.26100.0\shared\winerror.h(59398,9):
      see previous definition of 'DXGI_ERROR_FRAME_STATISTICS_DISJOINT'
  
C:\Users\Humbe\OneDrive\Desktop\folder\libs\sdk\Include\dxgitype.h(30,9): warning C4005: 'DXGI_ERROR_GRAPHICS_VIDPN_SOURCE_IN_USE': macro redefinition
  (compiling source file 'ui_widgets.cpp')
      C:\Program Files (x86)\Windows Kits\10\Include\10.0.26100.0\shared\winerror.h(59407,9):
      see previous definition of 'DXGI_ERROR_GRAPHICS_VIDPN_SOURCE_IN_USE'
  
C:\Users\Humbe\OneDrive\Desktop\folder\libs\sdk\Include\dxgitype.h(31,9): warning C4005: 'DXGI_ERROR_DRIVER_INTERNAL_ERROR': macro redefinition
  (compiling source file 'ui_widgets.cpp')
      C:\Program Files (x86)\Windows Kits\10\Include\10.0.26100.0\shared\winerror.h(59417,9):
      see previous definition of 'DXGI_ERROR_DRIVER_INTERNAL_ERROR'
  
C:\Users\Humbe\OneDrive\Desktop\folder\libs\sdk\Include\dxgitype.h(32,9): warning C4005: 'DXGI_ERROR_NONEXCLUSIVE': macro redefinition
  (compiling source file 'ui_widgets.cpp')
      C:\Program Files (x86)\Windows Kits\10\Include\10.0.26100.0\shared\winerror.h(59426,9):
      see previous definition of 'DXGI_ERROR_NONEXCLUSIVE'
  
C:\Users\Humbe\OneDrive\Desktop\folder\libs\sdk\Include\dxgitype.h(33,9): warning C4005: 'DXGI_ERROR_NOT_CURRENTLY_AVAILABLE': macro redefinition
  (compiling source file 'ui_widgets.cpp')
      C:\Program Files (x86)\Windows Kits\10\Include\10.0.26100.0\shared\winerror.h(59435,9):
      see previous definition of 'DXGI_ERROR_NOT_CURRENTLY_AVAILABLE'
  
C:\Users\Humbe\OneDrive\Desktop\folder\libs\sdk\Include\dxgitype.h(34,9): warning C4005: 'DXGI_ERROR_REMOTE_CLIENT_DISCONNECTED': macro redefinition
  (compiling source file 'ui_widgets.cpp')
      C:\Program Files (x86)\Windows Kits\10\Include\10.0.26100.0\shared\winerror.h(59445,9):
      see previous definition of 'DXGI_ERROR_REMOTE_CLIENT_DISCONNECTED'
  
C:\Users\Humbe\OneDrive\Desktop\folder\libs\sdk\Include\dxgitype.h(35,9): warning C4005: 'DXGI_ERROR_REMOTE_OUTOFMEMORY': macro redefinition
  (compiling source file 'ui_widgets.cpp')
      C:\Program Files (x86)\Windows Kits\10\Include\10.0.26100.0\shared\winerror.h(59454,9):
      see previous definition of 'DXGI_ERROR_REMOTE_OUTOFMEMORY'
  
C:\Users\Humbe\OneDrive\Desktop\folder\libs\sdk\Include\d3d11.h(917,9): warning C4005: 'D3D11_ERROR_TOO_MANY_UNIQUE_STATE_OBJECTS': macro redefinition
  (compiling source file 'ui_widgets.cpp')
      C:\Program Files (x86)\Windows Kits\10\Include\10.0.26100.0\shared\winerror.h(59769,9):
      see previous definition of 'D3D11_ERROR_TOO_MANY_UNIQUE_STATE_OBJECTS'
  
C:\Users\Humbe\OneDrive\Desktop\folder\libs\sdk\Include\d3d11.h(918,9): warning C4005: 'D3D11_ERROR_FILE_NOT_FOUND': macro redefinition
  (compiling source file 'ui_widgets.cpp')
      C:\Program Files (x86)\Windows Kits\10\Include\10.0.26100.0\shared\winerror.h(59778,9):
      see previous definition of 'D3D11_ERROR_FILE_NOT_FOUND'
  
C:\Users\Humbe\OneDrive\Desktop\folder\libs\sdk\Include\d3d11.h(919,9): warning C4005: 'D3D11_ERROR_TOO_MANY_UNIQUE_VIEW_OBJECTS': macro redefinition
  (compiling source file 'ui_widgets.cpp')
      C:\Program Files (x86)\Windows Kits\10\Include\10.0.26100.0\shared\winerror.h(59788,9):
      see previous definition of 'D3D11_ERROR_TOO_MANY_UNIQUE_VIEW_OBJECTS'
  
C:\Users\Humbe\OneDrive\Desktop\folder\libs\sdk\Include\d3d11.h(920,9): warning C4005: 'D3D11_ERROR_DEFERRED_CONTEXT_MAP_WITHOUT_INITIAL_DISCARD': macro redefinition
  (compiling source file 'ui_widgets.cpp')
      C:\Program Files (x86)\Windows Kits\10\Include\10.0.26100.0\shared\winerror.h(59797,9):
      see previous definition of 'D3D11_ERROR_DEFERRED_CONTEXT_MAP_WITHOUT_INITIAL_DISCARD'
  
C:\Users\Humbe\OneDrive\Desktop\folder\libs\sdk\Include\d3d10.h(608,9): warning C4005: 'D3D10_ERROR_TOO_MANY_UNIQUE_STATE_OBJECTS': macro redefinition
  (compiling source file 'ui_widgets.cpp')
      C:\Program Files (x86)\Windows Kits\10\Include\10.0.26100.0\shared\winerror.h(59745,9):
      see previous definition of 'D3D10_ERROR_TOO_MANY_UNIQUE_STATE_OBJECTS'
  
C:\Users\Humbe\OneDrive\Desktop\folder\libs\sdk\Include\d3d10.h(609,9): warning C4005: 'D3D10_ERROR_FILE_NOT_FOUND': macro redefinition
  (compiling source file 'ui_widgets.cpp')
      C:\Program Files (x86)\Windows Kits\10\Include\10.0.26100.0\shared\winerror.h(59754,9):
      see previous definition of 'D3D10_ERROR_FILE_NOT_FOUND'
  
  local_server.cpp
  sync_manager.cpp
  Generating code
  203 of 19138 functions ( 1.1%) were compiled, the rest were copied from previous compilation.
    0 functions were new in current compilation
    293 functions had inline decision re-evaluated but remain unchanged
  Finished generating code
  program.vcxproj -> A:\prjcts\pwmngr\pwmngr2.2.1\x64\Release\Password Defense.exe
